Organism_ID,Family,Guild
(Dialictus) sp. D,Halictidae,NA
“Lagria” cf. aeneipennis Fåhraeus,Tenebrionidae,NA
0,NA,NA
A. mellifera,Apidae,NA
A_mellifera,Apidae,NA
Abax.parallelepipedus,NA,NA
Abeja abdomen naranja,Andrenidae,NA
Abeja brillante sin pelos rayas en abdomen,Halictidae,NA
Abeja marron cola negra,NA,NA
Abeja negra,NA,NA
Adalia_bipunctata,NA,NA
Agapostemon,Halictidae,NA
Agapostemon sericeus,Halictidae,NA
Agapostemon sp,Halictidae,NA
Agapostemon splendens,Halictidae,NA
Agapostemon texana,Halictidae,NA
Agapostemon texanus,Halictidae,NA
Agapostemon virescens,Halictidae,NA
Aglais_urticae,Nymphalidae,NA
Agonum.muelleri,NA,NA
Agonum.sexpunctatum,NA,NA
Agromyzidae_sp1,Agromyzidae,NA
Agromyzidae_sp1,NA,NA
Alleculinae_sp1,NA,NA
ALLECULINAE_sp1,Tenebrionidae,NA
Allobacha sp.,Syrphidae,NA
Allograpta exotica,Syrphidae,NA
Allograpta exotica cf.,Sirfidae,NA
Allograpta iavana,Syrphidae,NA
Allograpta sp.,Syrphidae,NA
Allograpta sp1,Syrphidae,NA
Allograpta sp2,Syrphidae,NA
Allograpta sp3,Syrphidae,NA
Allograpta_calopus_talvez,NA,NA
Amara.aenea,NA,NA
Amara.convexior,NA,NA
Amara.familiaris,NA,NA
Amara.montivaga,NA,NA
Amara.ovata,NA,NA
Amara.plebeja,NA,NA
Amara.similata,NA,NA
Amata cerbera L.,Arctiidae,NA
Amegilla caelestina,NA,NA
Amegilla cymatilis,NA,NA
Amegilla quadrifasciata,Apidae,NA
Amegilla sp 1.,NA,NA
Amegilla sp 2.,NA,NA
Amegilla sp. 1,NA,NA
Amegilla sp. 2,NA,NA
Amegilla zonata/ A. confusa,Apidae,NA
Amegilla_zonata,NA,NA
Amobia oculata,Sarcophagidae,NA
Amobia sp,Sarcophagidae,NA
Amobia_sp,NA,NA
Anasimyia_lineata,NA,NA
Anchmenus.dorsalis,NA,NA
Ancistrocerus oviventris,NA,NA
Ancyloscelis apiformes,Apidae,NA
Ancyloscelis apiformis,Apidae,NA
Ancyloscelis sp.2,NA,NA
Ancyloscelis sp1.,NA,NA
Andrena,Andrenidae,NA
Andrena agilissima,Andrenidae,NA
Andrena albopunctata,Andrenidae,NA
Andrena algida,Andrenidae,NA
Andrena allegheniensis,Andrenidae,NA
Andrena angustior,Andrenidae,NA
Andrena atypica,NA,NA
Andrena barbilabris,Andrenidae,NA
Andrena bicolor,Andrenidae,NA
Andrena bimaculata,Andrenidae,NA
Andrena bucephala,Andrenidae,NA
Andrena canadensis,Andrenidae,NA
Andrena carantonica,NA,NA
Andrena carantonica,Andrenidae,NA
Andrena carantonica,Apidae,NA
Andrena carlini,Andrenidae,NA
Andrena ceanothi,Andrenidae,NA
Andrena cerasifolii,NA,NA
Andrena cf. limata,Andrenidae,NA
Andrena chlorosoma,Andrenidae,NA
Andrena chrysosceles,Andrenidae,NA
Andrena chrysosceles,Apidae,NA
Andrena cineraria,NA,NA
Andrena cineraria,Andrenidae,NA
Andrena cineraria,Apidae,NA
Andrena commoda,Andrenidae,NA
Andrena crataegi,Andrenidae,NA
Andrena cressonii,Andrenidae,NA
Andrena decipiens,Andrenidae,NA
Andrena distans,Andrenidae,NA
Andrena dorsata,Andrenidae,NA
Andrena dunningi,Andrenidae,NA
Andrena erigeniae,Andrenidae,NA
Andrena erythrogaster,Andrenidae,NA
Andrena erythronii,Andrenidae,NA
Andrena fenningeri,Andrenidae,NA
Andrena flavipes,NA,NA
Andrena flavipes,Andrenidae,NA
Andrena florea,Andrenidae,NA
Andrena forbesii,Andrenidae,NA
Andrena frigida,Andrenidae,NA
Andrena fucata,Andrenidae,NA
Andrena fulva,NA,NA
Andrena fulva,Andrenidae,NA
Andrena gravida,Andrenidae,NA
Andrena gravida,Apidae,NA
Andrena haemorrhoa,Andrenidae,NA
Andrena haemorrhoa,NA,NA
Andrena haemorrhoa,Apidae,NA
Andrena hattorfiana,NA,NA
Andrena helvola,Andrenidae,NA
Andrena helvola,NA,NA
Andrena helvola,Apidae,NA
Andrena hikosana,Andrenidae,NA
Andrena hippotes,Andrenidae,NA
Andrena humilis,Andrenidae,NA
Andrena illini,Andrenidae,NA
Andrena imitatrix,Andrenidae,NA
Andrena integra,Andrenidae,NA
Andrena jacobi,Andrenidae,NA
Andrena kaguya,Andrenidae,NA
Andrena labialis,Andrenidae,NA
Andrena labiata,Andrenidae,NA
Andrena lapponica,Apidae,NA
Andrena lepida,Andrenidae,NA
Andrena luridiloma,Andrenidae,NA
Andrena mandibularis,Andrenidae,NA
Andrena mariae,Andrenidae,NA
Andrena melanochroa,Andrenidae,NA
Andrena milwaukeensis,Andrenidae,NA
Andrena minutula,Andrenidae,NA
Andrena minutuloides,Andrenidae,NA
Andrena miserabilis,Andrenidae,NA
Andrena mitis,Andrenidae,NA
Andrena mucida,Andrenidae,NA
Andrena nasonii,Andrenidae,NA
Andrena nigrae,Andrenidae,NA
Andrena nigroaenea,Andrenidae,NA
Andrena nigroaenea,NA,NA
Andrena nigroaenea,Apidae,NA
Andrena nigrocaerulea,Andrenidae,NA
Andrena nitida,Andrenidae,NA
Andrena nitida,Apidae,NA
Andrena nivalis,Andrenidae,NA
Andrena ovatula,Andrenidae,NA
Andrena perplexa,Andrenidae,NA
Andrena personata,Andrenidae,NA
Andrena pilipes,Andrenidae,NA
Andrena pruni,Andrenidae,NA
Andrena regularis,Andrenidae,NA
Andrena robertsonii,Andrenidae,NA
Andrena rosae,Andrenidae,NA
Andrena rufosignata,Andrenidae,NA
Andrena rugosa,Andrenidae,NA
Andrena semilaevis,Andrenidae,NA
Andrena sigmundi,Andrenidae,NA
Andrena sp,Andrenidae,NA
Andrena sp.,Andrenidae,NA
Andrena sp. 4,Andrenidae,NA
Andrena sp1,Andrenidae,NA
Andrena ssp.,NA,NA
Andrena subopaca,Andrenidae,NA
Andrena subopaca,NA,NA
Andrena subopaca,Apidae,NA
Andrena synadelpha,Andrenidae,NA
Andrena taraxaci,Andrenidae,NA
Andrena thoracica,Andrenidae,NA
Andrena tibialis,Andrenidae,NA
Andrena tridens,Andrenidae,NA
Andrena trimmerana,Andrenidae,NA
Andrena tumulorum,Andrenidae,NA
Andrena vaga,Andrenidae,NA
Andrena variabilis,Andrenidae,NA
Andrena varians,Andrenidae,NA
Andrena vicina,Andrenidae,NA
Andrena vitiosa,Andrenidae,NA
Andrena w-scripta,Andrenidae,NA
Andrena wilkella,Andrenidae,NA
Andrena zizae,Andrenidae,NA
Andrena.barbilabris,NA,NA
Andrena.bicolor,NA,NA
Andrena.carantonica,NA,NA
Andrena.cineraria,NA,NA
Andrena.dorsata,NA,NA
Andrena.flavipes,NA,NA
Andrena.fulvata,NA,NA
Andrena.gravida,NA,NA
Andrena.haemorrhoa,NA,NA
Andrena.helvola,NA,NA
Andrena.humilis,NA,NA
Andrena.minutula,NA,NA
Andrena.minutuloides,NA,NA
Andrena.nitida,NA,NA
Andrena.subopaca,NA,NA
Andrena_ bicolor,Andrenidae,NA
Andrena_ bimaculata,Andrenidae,NA
Andrena_ carantonica,Andrenidae,NA
Andrena_ cf. fulva,Andrenidae,NA
Andrena_ cf. minutula,Andrenidae,NA
Andrena_ chrysosceles,Andrenidae,NA
Andrena_ cineraria,Andrenidae,NA
Andrena_ dorsata,Andrenidae,NA
Andrena_ flavipes,Andrenidae,NA
Andrena_ fulva,Andrenidae,NA
Andrena_ haemorrhoa,Andrenidae,NA
Andrena_ helvola,Andrenidae,NA
Andrena_ minutula-groep,Andrenidae,NA
Andrena_ nitida,Andrenidae,NA
Andrena_ varians,Andrenidae,NA
Andrena_2_brittaindataset,NA,NA
Andrena_3_brittaindataset,NA,NA
Andrena_4_brittaindataset,NA,NA
Andrena_angustior,NA,NA
Andrena_barbilabris,NA,NA
Andrena_bicolor,NA,NA
Andrena_carantonica,NA,NA
Andrena_chrysosceles,NA,NA
Andrena_cineraria,Andrenidae,NA
Andrena_cineraria,Apidae,NA
Andrena_cineraria,NA,NA
Andrena_distinguenda,NA,NA
Andrena_dorsata,NA,NA
Andrena_flavipes,NA,NA
Andrena_fucata,NA,NA
Andrena_fulva,NA,NA
Andrena_gelriae,NA,NA
Andrena_gravida,NA,NA
Andrena_haemorrhoa,NA,NA
Andrena_helvola,NA,NA
Andrena_labialis,Apidae,NA
Andrena_labiata,NA,NA
Andrena_lagopus,NA,NA
Andrena_minutula_aggregate,NA,NA
Andrena_nigroaenea,NA,NA
Andrena_nigrospina,NA,NA
Andrena_nitida,NA,NA
Andrena_praecox,NA,NA
Andrena_sp.,NA,NA
Andrena_subopaca,NA,NA
Andrena_tibialis,NA,NA
Andrena_wilkella,Apidae,NA
Andrenidae,Andrenidae,NA
Anisodactylus.binotatus,NA,NA
Anisodactylus.signatus,NA,NA
Anoplius nigerrimus,Andrenidae,NA
Anoplolepis_sp_1_,Formicidae,NA
Anoplolepis_sp_1_,NA,NA
Anoplolepis_sp_2_,Formicidae,NA
Anoplolepis_sp_2_,NA,NA
ant,NA,NA
Ant,Formicidae,NA
Ant,NA,NA
Anterhynchium flavomarginatum,Vespidae,NA
Anthidium manicatum,Megachilidae,NA
Anthidium septemspinosum,Megachilidae,NA
Anthidium sp.,NA,NA
Anthomyia_punctipennis,NA,NA
Anthomyiidae_sp.,NA,NA
Anthophora plumipes,Apidae,NA
Anthophora quadrimaculata,Apidae,NA
Anthophora sp.,NA,NA
Anthophora.plumipes,NA,NA
Anthophora_ plumipes,Apidae,NA
Anthophora_5,NA,NA
Anthophora_plumipes,NA,NA
Anthrenoides sp.,NA,NA
Ants: Formica rufa,Formicidae,NA
Aphididae,NA,NA
Aphids,NA,NA
Apionidae_sp1,Apionidae,NA
Apionidae_sp1,NA,NA
Apis cerana,Apidae,NA
Apis cerana,NA,NA
Apis cerana indica,Apidae,NA
Apis dorsata,Apidae,NA
Apis florea,Apidae,NA
Apis melifera,Apidae,NA
Apis mellifera,Apidae,NA
Apis mellifera,NA,NA
Apis mellifera L.,Apidae,NA
"Apis mellifera Linnaeus, 1758",Apidae,NA
apis.mellifera,NA,NA
Apis.mellifera,NA,NA
Apis_ mellifera,Apidae,NA
Apis_cerana,Apidae,NA
Apis_cerana,NA,NA
Apis_dorsata,Apidae,NA
Apis_dorsata,NA,NA
Apis_florea,NA,NA
Apis_mellifera,Apidae,NA
Apis_mellifera,NA,NA
Apoica pallens,Vespidae,NA
Apoidea,Apoidea,NA
Apoidea sp 1,Apoidea,NA
Apoidea sp.1,Apidae,NA
Apoidea_largerthanHoneybee,NA,NA
Apoidea_sizeequalsHoneybee,NA,NA
Apoidea_smallerthanHoneybee,NA,NA
Apoidea_sp,NA,NA
Araneae,NA,NA
Arctiidae sp 1,Arctiidae,NA
Arge nipponensis,Argidae,NA
Arge_nipponensis_Rohwer_1910,NA,NA
Asaphdion.flavipes,NA,NA
Asilidae,Asildae,NA
Astylus atromaculatus Blanchard *,Melyridae,NA
Astylus_atromaculatus_Blanchard,NA,NA
Athalia infumata,Tenthredinidae,NA
Athalia rosae,Tenthredinidae,NA
Athalia rosae ruficornis,Tenthredinidae,NA
Athalia_infumata_Marlatt_1898,NA,NA
Athalia_rosae_ruficornis_Jakovrev_1888,NA,NA
Atylotus hasegawai,Tabanidae,NA
Augochlora pura,Halictidae,NA
Augochlora pura,NA,NA
Augochlora sp.,NA,NA
Augochlora sp1.,NA,NA
Augochlora sp10.,NA,NA
Augochlora sp11.,NA,NA
Augochlora sp12.,NA,NA
Augochlora sp13.,NA,NA
Augochlora sp2.,NA,NA
Augochlora sp3.,NA,NA
Augochlora sp4.,NA,NA
Augochlora sp5.,NA,NA
Augochlora sp6.,NA,NA
Augochlora sp7.,NA,NA
Augochlora sp8.,NA,NA
Augochlora sp9.,NA,NA
Augochlora_sp.,NA,NA
Augochlorella,Halictidae,NA
Augochlorella aurata,Halictidae,NA
Augochlorella bracteata,Halictidae,NA
Augochlorella pura,Halictidae,NA
Augochloropsis metallica,Halictidae,NA
Augochloropsis sp.,Halictidae,NA
Augochloropsis sp.,NA,NA
Augochloropsis sp.1,Halictidae,NA
Aulacophora indica,Chrysomelidae,NA
Aulacophora nigripennis,Chrysomelidae,NA
Austalis resolutus,Syrphidae,NA
Avispa marron,NA,NA
Avispa negra,NA,NA
Avispa negra copada,NA,NA
Avispa pequeña,NA,NA
Avispa rayada,NA,NA
B. hortorum,Apidae,NA
B. hypnorum,Apidae,NA
B. lapidarius,Apidae,NA
B. pascuorum,Apidae,NA
B. pratorum,Apidae,NA
B. terrestris,Apidae,NA
B_lapidarius,Apidae,NA
B_lucorum,Apidae,NA
B_terrestris,Apidae,NA
Badister.bullatus,NA,NA
"Baris cf. atrocoerulea (Boheman, 1844)",Curculionidae,NA
Baris_cfatrocoerulea_Boheman_1844,NA,NA
Bee sp.,Apoidae,NA
Bee sp. 2,Apoidae,NA
Bee sp. 3,Apoidae,NA
beetle,NA,NA
Beetle,Coleoptera (order),NA
Beetle,NA,NA
Belanogaster_sp_,Vespidae,NA
Belanogaster_sp_,NA,NA
Belenois thysa,Pieridae,NA
Bembidion.lampros,NA,NA
Bembidion.obtusum,NA,NA
Bembidion.properans,NA,NA
Bembidion.quadrimaculatum,NA,NA
Bembidion.tetracolum,NA,NA
Bembix rostrata,Crabronidae,NA
Bembix sp. 1,Crabronidae,NA
Betassyrphus adligatus,Syrphidae,NA
Betasyrphus adliagatus,Syrphidae,NA
Betasyrphus seriarius,Syrphidae,NA
Bibio spp. (st Marks fly),Bibionidae,NA
Bibionidae,NA,NA
Bibionidae sp.,Bibionidae,NA
Bibionidae sp.1,Bibionidae,NA
Bibionidae_sp.,NA,NA
Bibo_hortulans,NA,NA
Bibo_marci,NA,NA
Bibo_varipes,NA,NA
Bird,NA,NA
Boettcherisca peregrina,Sarcophagidae,NA
Boettcherisca_peregrina,NA,NA
Bombilidae,NA,NA
Bombini,Apidae,NA
Bombus,Apidae,NA
Bombus  cf. brevivillus,Apidae,NA
"Bombus (Fervidobombus) morio Swederus, 1787",Apidae,NA
Bombus atratus,Apidae,NA
Bombus auricomus,Apidae,NA
Bombus barbutellus,Apidae,NA
Bombus belicoso,Apidae,NA
Bombus bimaculatus,Apidae,NA
Bombus bohemicus,Apidae,NA
Bombus bohemicus,NA,NA
Bombus brevivillus,Apidae,NA
Bombus californicus,Apidae,NA
Bombus campestris,Apidae,NA
Bombus campestris,NA,NA
Bombus dahlbomii,Apidae,NA
Bombus distinguendus,Apidae,NA
Bombus fervidus,Apidae,NA
Bombus hortorum,Apidae,NA
Bombus hortorum,NA,NA
Bombus humilis,Apidae,NA
Bombus hypnorum,Apidae,NA
Bombus hypnorum,NA,NA
Bombus impatiens,Apidae,NA
Bombus impatiens,NA,NA
Bombus jonellus,NA,NA
Bombus jonellus,Apidae,NA
Bombus lapidarius,Apidae,NA
Bombus lapidarius,NA,NA
Bombus lucorum,Apidae,NA
Bombus lucorum,NA,NA
Bombus magnus,Apidae,NA
Bombus melanopygus,Apidae,NA
Bombus melanopygus,NA,NA
Bombus morio,Apidae,NA
Bombus muscorum,Apidae,NA
Bombus muscorum,NA,NA
Bombus negro,Apidae,NA
Bombus pascuorum,Apidae,NA
Bombus pascuorum,pascuorum,NA
Bombus pascuorum,NA,NA
Bombus pensylvanicus,Apidae,NA
Bombus pratensis,Apidae,NA
Bombus pratorum,Apidae,NA
Bombus pratorum,NA,NA
Bombus ruderarius,Apidae,NA
Bombus ruderarius,NA,NA
Bombus rudurarius,Apidae,NA
Bombus rufocinctus,Apidae,NA
Bombus rupestris,Apidae,NA
Bombus rupestris,NA,NA
Bombus soroeensis,Apidae,NA
Bombus soroeensis,NA,NA
Bombus sp,Apidae,NA
Bombus sp.,Apidae,NA
Bombus spp,Apidae,NA
Bombus spp. unknown or unidentified,Apidae,NA
Bombus subterraneus,Apidae,NA
Bombus subterraneus,NA,NA
Bombus sylvarum,Apidae,NA
Bombus sylvarum,NA,NA
Bombus sylvestris,Apidae,NA
Bombus terrestris,Apidae,NA
Bombus terrestris,NA,NA
Bombus terrestris-complex,Apidae,NA
Bombus terrestris or lucorum,Apidae,NA
Bombus terrestris/lucorum,Apidae,NA
Bombus vagans,Apidae,NA
Bombus vestalis,NA,NA
Bombus vestalis,Apidae,NA
Bombus vosnesenskii,Apidae,NA
Bombus vosnesenskii,NA,NA
bombus.lapidarius,NA,NA
Bombus.lapidarius,NA,NA
Bombus.lucorum,NA,NA
Bombus.pascuorum,NA,NA
Bombus.pratorum,NA,NA
bombus.terrestris,NA,NA
Bombus.terrestris,NA,NA
Bombus_ hortorum,Apidae,NA
Bombus_ hypnorum,Apidae,NA
Bombus_ lapidarius,Apidae,NA
Bombus_ pascuorum,Apidae,NA
Bombus_ pratorum,Apidae,NA
Bombus_ terrestris,Apidae,NA
Bombus_ terrestris-complex,Apidae,NA
Bombus_ terrestris/lucorum,Apidae,NA
Bombus_6,NA,NA
Bombus_7,NA,NA
Bombus_abuterraneus,NA,NA
Bombus_hortorum,Apidae,NA
Bombus_hortorum,NA,NA
Bombus_humilis,Apidae,NA
Bombus_hypnorum,NA,NA
Bombus_jonellus,NA,NA
Bombus_lapidarius,Apidae,NA
Bombus_lapidarius,NA,NA
Bombus_lucorum,Apidae,NA
Bombus_lucorum,NA,NA
Bombus_lucorum/terrestris,Apidae,NA
Bombus_lucorum_terrestris,NA,NA
Bombus_pascuorum,Apidae,NA
Bombus_pascuorum,NA,NA
Bombus_pratorum,Apidae,NA
Bombus_pratorum,NA,NA
Bombus_ruderarius,NA,NA
Bombus_ruderatus,NA,NA
Bombus_rupestris,NA,NA
Bombus_soroeensis,Apidae,NA
Bombus_sp,Apidae,NA
Bombus_spp.,NA,NA
Bombus_subterraneus,Apidae,NA
Bombus_sylvanum,Apidae,NA
Bombus_sylvarum,NA,NA
Bombus_terrestris,Apidae,NA
Bombus_terrestris,NA,NA
Bombus_terrestris_aggregate,NA,NA
Bombus_vestalis,NA,NA
Bombylidae,NA,NA
Bombylidae sp,Bombylidae,NA
Bomus terrestris,Apidae,NA
Brachinus.crepitans,NA,NA
Brachinus.explodens,NA,NA
Brachycera (inc cyclorrhapha in OSR),Brachycera fam.,NA
Brachycera spp.,Brachycera fam.,NA
Brachygastra lecheguana,Vespidae,NA
Brachygastra lecheguana,Apidae,NA
Braconidae_sp,Braconidae,NA
Braconidae_sp.,NA,NA
Bracronidae sp1,Bracronidae,NA
Bradysia sp.,Sciaridae,NA
Bradysia_sp.,NA,NA
Braunsapis sp.,NA,NA
Braunsapis sp.1,Apidae,NA
Braunsapis_picitarsus,NA,NA
Braunsapsis picitarsis,Apidae,NA
Brephidium exile,Lycaenidae,NA
Bruchidius_sp__1,Chrysomelidae,NA
Bruchidius_sp__1,NA,NA
Bruchidius_sp__2,Chrysomelidae,NA
Bruchidius_sp__2,NA,NA
Bruchidius_sp__near_mendosus__Gyllenhal_,Chrysomelidae,NA
Bruchidius_sp__near_mendosus__Gyllenhal_,NA,NA
butterfly,NA,NA
Butterfly,Lepidoptera (order),NA
Byasa alcinous,Papilionidae,NA
Caliophoridae sp.,Caliophoridae,NA
Caliophoridae_sp1,Caliophoridae,NA
Caliophoridae_sp2,Caliophoridae,NA
Caliophoridae_sp3,Caliophoridae,NA
Caliophoridae_spx,Caliophoridae,NA
Calliphora sp.,Calliphoridae,NA
Calliphora_hortona,NA,NA
Calliphora_quadrimaculata,NA,NA
Calliphora_stygia,NA,NA
Calliphora_vicina,NA,NA
Calliphoridae,NA,NA
Calliphoridae sp 1,Calliphoridae,NA
Calliphoridae sp 2,Calliphoridae,NA
Calliphoridae sp.1,Calliphoridae,NA
Calliphoridae_sp.,NA,NA
Calliphoridae_sp1_Carvalheirodataset,NA,NA
Calliphoridae_sp2_Carvalheirodataset,NA,NA
Calliphoridae_sp3_Carvalheirodataset,NA,NA
Calliphoridae_spx_Carvalheirodataset,NA,NA
Camponotus japonicus,Formicidae,NA
Camponotus obscuripes,Formicidae,NA
Camponotus sp.,Formicidae,NA
Camponotus_japonicus,NA,NA
Camponotus_obscuripes,NA,NA
Camponotus_sp.,NA,NA
Camponotus_sp.1,NA,NA
Camponotus_sp_1__,Formicidae,NA
Campsomeriella annulata,Scoliidae,NA
Campsomeriella_annulata,NA,NA
Camsomeris leafmasi,NA,NA
Camsomeris sp.,NA,NA
Cantharidae,NA,NA
Carabus.auratus,NA,NA
Carabus.auronitens,NA,NA
Carabus.granulatus,NA,NA
Carabus.monilis,NA,NA
Carabus.nemoralis,NA,NA
Carpophilus hemipterus,Nitidulidae,NA
Carpophilus sp.,Nitidulidae,NA
Carpophilus_hemipterus,NA,NA
Carpophilus_sp.,NA,NA
Catopsilia pyranthe (Mottled Emigrant),Pieridae,NA
catopsilia_pyranthe,NA,NA
Centris  byrsonimae,Apidae,NA
Centris (Centris) aenea,Apidae,NA
Centris (Centris) decolorata,Apidae,NA
Centris (Centris) flavifrons,Apidae,NA
Centris (Hemisiela)tarsata,Apidae,NA
Centris aenea,Apidae,NA
Centris aff. sponsa,Apidae,NA
Centris analis,Apidae,NA
Centris byrsonimae,Apidae,NA
Centris flavifrons,Apidae,NA
Centris fuscata,Apidae,NA
Centris sp,Apidae,NA
Centris spilopoda,Apidae,NA
Centris sponsa,Apidae,NA
Centris tarsata,Apidae,NA
Cerambycidae,Cerambicidae,NA
Cerambycidae,Cerambycidae,NA
Cerambycidae,NA,NA
Ceratina,Apidae,NA
Ceratina (Calloceratina) chloris,Apidae,NA
Ceratina (Crewella) sp. 1,Apidae,NA
Ceratina (Crewella) sp. 2,Apidae,NA
Ceratina 2,NA,NA
Ceratina acantha,Apidae,NA
Ceratina calcarata,Apidae,NA
Ceratina Crewella sp. 1,NA,NA
Ceratina Crewella sp. 2,NA,NA
Ceratina cucurbitina,Apidae,NA
Ceratina dupla,Apidae,NA
Ceratina hieroglyphica,Apidae,NA
Ceratina japonica,Apidae,NA
Ceratina mikmaqi,Apidae,NA
Ceratina nigrolabiata,Apidae,NA
Ceratina okinawana,Apidae,NA
Ceratina shinnersi,Apidae,NA
Ceratina smaragdula,Apidae,NA
Ceratina sp,Apidae,NA
Ceratina sp.,NA,NA
Ceratina sp. (Ceratina lunata Friese or Ceratina moerenhouti Vachal),Apidae,NA
Ceratina sp. 1,Apidae,NA
Ceratina sp1,Apidae,NA
Ceratina strenua,Apidae,NA
Ceratina.sp...inc._labrosa_Friese.,Apidae,NA
Ceratina.sp...inc._labrosa_Friese.,Caliophoridae,NA
Ceratina_hieroglyphica,NA,NA
Ceratina_sp_inc_labrosa_Friese_Carvalheirodataset,NA,NA
Ceratina_sp1,Apidae,NA
Ceratina_sp2,Apidae,NA
Ceratina_sp2,NA,NA
Ceratinidia cognata,NA,NA
Ceratinidia sp. 1,NA,NA
Ceratitis capitata,Tephritidae,NA
Ceratitis sp.1,Tephritidae,NA
Cerceris japonica,Philanthidae,NA
Cerceris rybyensis,Crabronidae,NA
Cerceris sp.,Philanthidae,NA
Cerceris_japonica,NA,NA
Cetonia roelofsi,Scarabaeidae,NA
Cetonia_roelofsi,NA,NA
Cetoniinae,Scarabaeidae,NA
Cetoniinae,NA,NA
Chalcididae sp.1,Chalcididae,NA
Chalcididae sp2,Chalcididae,NA
Chalcidoidea_sp,NA,NA
Chalcidoidea_sp_,Chaldidoidea,NA
Chalicodoma sculpturalis,Megachilidae,NA
Cheilosia cf. vernalis,Syrphidae,NA
Cheilosia pagana,Syrphidae,NA
Cheilosia sp. 1,Syrphidae,NA
Cheilosia sp. 2,Syrphidae,NA
Cheilosia vernalis,Syrphidae,NA
Cheilosia_bergenstammi,NA,NA
Cheilosia_pagana,NA,NA
Cheilosia_vernalis,Syrphidae,NA
Cheilosia_vernalis,NA,NA
Chelastoma rapunculi,Megachilidae,NA
Chironomidae_sp.,NA,NA
Chloromyia formosa,Stratiomyidae,NA
Chloromyia formosa,NA,NA
Chrysidae,Chrysididae,NA
Chrysidae,NA,NA
Chrysididae sp 1,Chrysididae,NA
Chrysididae sp. 1,Chrysididae,NA
Chrysolina exanthematica,Chrysomelidae,NA
Chrysomelidae,Chrysomelidae,NA
Chrysomelidae,NA,NA
Chrysomya pinguis,Calliphoridae,NA
Chrysomya sp,Calliphoridae,NA
Chrysomya_marginalis__Wiedemann_,Calliphoridae,NA
Chrysomya_marginalis__Wiedemann_,NA,NA
Chrysomya_pinguis,NA,NA
Chrysopidae spp.,Chrysopidae,NA
Chrysops varians,Tabanidae,NA
Chrysotoxum cautum,Syrphidae,NA
Chrysotoxum cautum,NA,NA
Chrysotoxum festivum,Syrphidae,NA
Chrysotoxum_cautum,NA,NA
Click beetle,Elateridae,NA
Clivina.collaris,NA,NA
Clivina.fossor,NA,NA
Clytus arietus,Cerambycidae,NA
Coccinelidae,NA,NA
Coccinella septempunctata,Coccinellidae,NA
Coccinella sp 1,Coccinellidae,NA
Coccinella sp 2,Coccinellidae,NA
Coccinella_septempunctata,NA,NA
Coccinella_sp.,NA,NA
Coccinella_undecimpunctata,NA,NA
Coccinellidae,NA,NA
Coccinellidae sp,Coccinellidae,NA
Coccinellidae_sp.,NA,NA
Coelioxys hiroba,Megachilidae,NA
Coelioxys slossoni,Megachilidae,NA
Coelioxys sp.,NA,NA
Coelioxys_hiroba,NA,NA
Coleoptera,Coleoptera,NA
Coleoptera,NA,NA
Coleoptera 1,NA,NA
Coleoptera 2,NA,NA
Coleoptera 3,NA,NA
Coleoptera sp 1,Unknown,NA
Coleoptera sp1,ni,NA
Coleoptera sp1,NA,NA
Coleoptera sp5,ni,NA
Coleoptera unknown or unidentified,Coleoptera fam.,NA
coleoptera.sp..1_smithadataset,NA,NA
Coleoptera_sp.,NA,NA
Coleoptera_sp.1,NA,NA
Coleoptera_sp.2,NA,NA
Coleoptera_sp.3,NA,NA
coleoptera_sp1_hipolitodataset,NA,NA
coleoptera_sp10_hipolitodataset,NA,NA
coleoptera_sp11_hipolitodataset,NA,NA
coleoptera_sp2_hipolitodataset,NA,NA
coleoptera_sp3_hipolitodataset,NA,NA
coleoptera_sp4_hipolitodataset,NA,NA
coleoptera_sp5_hipolitodataset,NA,NA
coleoptera_sp6_hipolitodataset,NA,NA
coleoptera_sp7_hipolitodataset,NA,NA
coleoptera_sp8_hipolitodataset,NA,NA
coleoptera_sp9_hipolitodataset,NA,NA
Colletes,Colletidae,NA
Colletes daviesanus,Colletidae,NA
Colletes daviesanus,NA,NA
Colletes esakii,Colletidae,NA
Colletes inaequalis,Colletidae,NA
Colletes mandibularis,Andrenidae,NA
Colletes patellatus,Colletidae,NA
Colletes vogti,Colletidae,NA
Colletes.cunicularius,NA,NA
Colletes_esakii,NA,NA
Colletes_patellatus,NA,NA
Common Cyclorrhapha Diptera found in OSR fields,Cyclorrhapha fam.,NA
Crabronidae sp1,Crabronidae,NA
Crabronidae sp2,Crabronidae,NA
Crane flies,Tipulidae,NA
cranefly,NA,NA
Cratocentrus  sp,Chalcididae,NA
Cricket/Grasshopper,Orthoptera,NA
Cucumber Beetle,NA,NA
Culcidae.sp.,NA,NA
Culicidae_sp1_hipolitodataset,NA,NA
Culicidae_sp2_hiploitodataset,NA,NA
Culicidae_sp3_hipolitodataset,NA,NA
Culicidae_sp4_hipolitodataset,NA,NA
Curculionidae,Curculionidae,NA
Curculionidae sp 1,Curculionidae,NA
Curculionidae sp 2,Curculionidae,NA
Curculionoidea,NA,NA
Curcumelidae,Curcumelidae,NA
Curcumelidae,NA,NA
Curvinomia strigata (Nomia iridiscens),Apidae,NA
Cyclocephala atricapilla,Scarabaeidae,NA
Cyclocephala vestita,Scarabaeidae,NA
Cyclocephala_atricapilla,NA,NA
Cyclocephala_vestita,NA,NA
Cyclorrhapha,Cyclorrhapha fam.,NA
Cynthia cardui,Nymphalidae,NA
Dactylurina sp.,NA,NA
Danaus plexippus,Nymphalidae,NA
Danaus_chrysippus_petilia,NA,NA
Danaus_plexippus,NA,NA
Dasysyrphus_ albostriatus,Syrphidae,NA
Dasysyrphus_hilaris,Syrphidae,NA
Decaria sp.,CHRYSOMELIDAE: GALERUCINAE,NA
Decaria sp.,ni,NA
Delia platura,Anthomyiidae,NA
Delia_platura,NA,NA
Delta unguiculatus,Syrphidae,NA
Demetrias.atricapillus,NA,NA
Dermestidae,Dermestidae,NA
Diabrotica undecimpunctata,Chrysomelidae,NA
Diadasia bituberculata,Anthophoridae,NA
Diadasia diminuta,Apidae,NA
Dialictus af. opacus,Halictidae,NA
Dialictus af. opacus,NA,NA
Dialictus sp.1,Halictidae,NA
Dialictus_12,NA,NA
Dianthidium suburfulum,Megachilidae,NA
Dieunomia heteropoda,Halictidae,NA
Dilophilus_febrilis,NA,NA
Dilophus_nigrostigma,NA,NA
Dioprosopa clavata,Syrphidae,NA
Dioxyna sororcula,Tephritidae,NA
Dioxyna_sororcula,NA,NA
Diptera,Diptera,NA
Diptera-Fly,NA,NA
Diptera (ep14),NA,NA
Diptera sp 1,Unknown,NA
Diptera sp 2,Unknown,NA
Diptera sp 3,Unknown,NA
Diptera sp 4,Unknown,NA
Diptera sp 5,Unknown,NA
Diptera sp 6,Unknown,NA
Diptera sp 7,Unknown,NA
Diptera sp 8,Unknown,NA
Diptera sp 9,Unknown,NA
Diptera sp.3,NA,NA
Diptera sp.4,NA,NA
Diptera sp1,ni,NA
Diptera sp1,NA,NA
Diptera spp.,NA,NA
Diptera spX,ni,NA
Diptera unknown or unidentified,Diptera fam.,NA
Diptera_2,NA,NA
Diptera_3,NA,NA
Diptera_4,NA,NA
Diptera_sp.,NA,NA
Diptera_spY.size.1,ni,NA
Diptera_spY_size1_Carvalheirodataset,NA,NA
Diptera_spZ.size.1,ni,NA
Diptera_spZ_size_1_Carvalheirodataset,NA,NA
Diptera1,NA,NA
Diptera2,NA,NA
Diptera3,NA,NA
Diptera4,NA,NA
Diptero 1,NA,NA
Diptero 2,NA,NA
Diptero 3,NA,NA
Diptero 4,NA,NA
Diptero 5,NA,NA
Diptero 6,NA,NA
Doclichopodidae,Dolichopodidae,NA
Dolerus similis,Tenthredinidae,NA
Dolerus_similis_japonicus_Kirby_1882,NA,NA
Dolichopodidae,Dolichopodidae,NA
Dolichopodidae,NA,NA
Drosophila_5,NA,NA
Efferia sp.1,Asildae,NA
Eichoichemus sp.,Asildae,NA
Elateratidae,NA,NA
Elateridae,Elateridae,NA
Empididae sp1,Empididae,NA
Empididae sp2,Empididae,NA
Empididae_sp.,NA,NA
Empididea spp,Empididae,NA
Empis_sp,Empididae,NA
Epeolus japonicus,Apidae,NA
Epeolus_japonicus,NA,NA
Episrphus balteatus,Syrphidae,NA
Epistorophe aino,Syrphidae,NA
Epistorophe shibakawae,Syrphidae,NA
Epistrophe.flava,NA,NA
Epistrophe_ nitidicollis,Syrphidae,NA
Epistrophe_eligans,Syrphidae,NA
Epistrophe_nitidicollis,NA,NA
Episyrhpus balteatus,Syrphidae,NA
Episyrphus balteatus,Syrphidae,NA
Episyrphus balteatus,NA,NA
Episyrphus cretensis,Syrphidae,NA
episyrphus.balteatus,NA,NA
Episyrphus_ balteatus,Syrphidae,NA
Episyrphus_balteatus,Syrphidae,NA
Episyrphus_balteatus,NA,NA
Eriozona erratica,Syrphidae,NA
Eristalinae sp,Syrphidae,NA
Eristalinus (Lathyrophthalmus) quinquestriata,Syrphidae,NA
Eristalinus (Lathyrophthalmus) quinquestriatus,Syrphidae,NA
Eristalinus (Lathyrophthalmus) tarsalis,Syrphidae,NA
Eristalinus aeneus,Syrphidae,NA
Eristalinus sepulchralis,Syrphidae,NA
Eristalinus sp,Syrphidae,NA
Eristalinus taeniops,Syrphidae,NA
Eristalinus_Lathyrophthalmus_quinquestriatus,NA,NA
Eristalinus_Lathyrophthalmus_tarsalis,NA,NA
Eristalinus_sepulchralis,NA,NA
Eristalis,Syrphidae,NA
Eristalis (Eoeristaris) cerealis,Syrphidae,NA
Eristalis abusiva,Syrphidae,NA
Eristalis anthophorina,Syrphidae,NA
Eristalis arbustorum,Syrphidae,NA
Eristalis cerealis,Syrphidae,NA
Eristalis interrupta,Syrphidae,NA
Eristalis intricarius,Syrphidae,NA
Eristalis lineata,Syrphidae,NA
Eristalis pertinax,Syrphidae,NA
Eristalis similis,Syrphidae,NA
Eristalis sp.,Syrphidae,NA
Eristalis sp1,Syrphidae,NA
Eristalis sp2,Syrphidae,NA
Eristalis sp3,Syrphidae,NA
Eristalis sp4,Syrphidae,NA
Eristalis tenax,Syrphidae,NA
Eristalis.intricarius,NA,NA
Eristalis.pertinax,NA,NA
eristalis.sp,NA,NA
Eristalis.spec.,NA,NA
Eristalis_ arbustorum,Syrphidae,NA
Eristalis_ horticola,Syrphidae,NA
Eristalis_ intricaria,Syrphidae,NA
Eristalis_ nemorum,Syrphidae,NA
Eristalis_ pertinax,Syrphidae,NA
Eristalis_ similis,Syrphidae,NA
Eristalis_ spec.,Syrphidae,NA
Eristalis_ tenax,Syrphidae,NA
Eristalis_arbustorum,Syrphidae,NA
Eristalis_arbustorum,NA,NA
Eristalis_Eoeristaris_cerealis,NA,NA
Eristalis_horticola,NA,NA
Eristalis_interrupta,Syrphidae,NA
Eristalis_interrupta,NA,NA
Eristalis_intricaria,NA,NA
Eristalis_lineata,NA,NA
Eristalis_nemorum,NA,NA
Eristalis_pertinax,NA,NA
Eristalis_pratorum,NA,NA
Eristalis_similis,NA,NA
Eristalis_sp.,NA,NA
Eristalis_tenax,Syrphidae,NA
Eristalis_tenax,NA,NA
Erythrocera genalis,Tachinidae,NA
Erythrocera_genalis,NA,NA
Euaspis abdominalis,NA,NA
Eucera chinensis,Apidae,NA
Eucera clypeata,Apidae,NA
Eucera sp1,Apidae,NA
Eucera ssp.,NA,NA
Eucera_16,NA,NA
Eucoilidae sp1,EUCOILIDAE,NA
Eudalaca exul cf,Hepialidae,NA
Euglossa sp.,Apidae,NA
Euglossa sp.,NA,NA
Eulaema nigrita,Apidae,NA
Eulaema nigrita,NA,NA
Eumenes sp,Vespidae,NA
Eumenes_sp,NA,NA
Eumeniinae_sp.,NA,NA
Eumenine,Vespidae,NA
Eumerus funeralis,Syrphidae,NA
Eumerus obliquus,Syrphidae,NA
Eumerus obliquus,SYRPHIDAE,NA
Eumerus sogdianus,Syrphidae,NA
Eumerus sp,Syrphidae,NA
Eumerus strigatus,Syrphidae,NA
Eumerus strigatus,NA,NA
Eumerus_funeralis,NA,NA
Eupeodes,Syrphidae,NA
Eupeodes corollae,Syrphidae,NA
Eupeodes corollae,NA,NA
Eupeodes lapponicus,Syrphidae,NA
Eupeodes latifasciatus,Syrphidae,NA
Eupeodes luniger,Syrphidae,NA
Eupeodes nielseni,Syrphidae,NA
Eupeodes sp.,Syrphidae,NA
Eupeodes.latifasciatus,NA,NA
Eupeodes_ cf. corollae,Syrphidae,NA
Eupeodes_ lapponicus,Syrphidae,NA
Eupeodes_ luniger,Syrphidae,NA
Eupeodes_ spec.,Syrphidae,NA
Eupeodes_corollae,Syrphidae,NA
Eupeodes_corollae,NA,NA
Eupeodes_luniger,NA,NA
Eupeodes_nitens,NA,NA
Eupeodus corollae,Syrphidae,NA
Eupeodus sp.,Syrphidae,NA
Euploea core (Common Indian crow),Nymphalidae,NA
Euploea_core,NA,NA
Eurema lisa,Pieridae,NA
Evylaeus_13,NA,NA
Exochomus_troberti_Mulsant_1850,Coccinellidae,NA
Exochomus_troberti_Mulsant_1850,NA,NA
Exomalopsis analis,Apidae,NA
Exomalopsis analis,NA,NA
Exomalopsis cf. lugens,Apidae,NA
Exomalopsis cfr. iridipennis,Apidae,NA
Exorista (Podotachin) sorbillans,Tachinidae,NA
Exorista_Podotachin_sorbillans,NA,NA
Fannia spp.,Fanniidae,NA
Fanniidae? Sp.2,Fanniidae,NA
Flesh flies,Sacrophagidae,NA
flower_fly,NA,NA
fly,Diptera,NA
fly,NA,NA
Fly,Diptera (order),NA
Fly medium,NA,NA
Fly small,NA,NA
Fly tiny,NA,NA
Formica japonica,Formicidae,NA
Formica_japonica,NA,NA
formicidae,NA,NA
Formicidae,Formicidae,NA
Formicidae,NA,NA
Formicidae sp 1,Formicidae,NA
Formicidae sp 2,Formicidae,NA
Formicidae.sp...Black.size.3..monomorium.cf..,Formicidae,NA
Formicidae_sp_blacksize3_monomorium_cf,NA,NA
Formicidae_sp1_carvalheirodataset,NA,NA
Formicidae_sp2__bunduda_,Formicidae,NA
Formicidae_sp2__bunduda_,NA,NA
fruit fly,NA,NA
Gametis jucunda,Scarabaeidae,NA
Gametis_jucunda,NA,NA
Gastropoda,NA,NA
gen_sp,Apidae,NA
gen_sp,Syrphidae,NA
Geotrigona sp1.,Apidae,NA
Geotrigona subterranea,Apidae,NA
Glaucias_amyoti,NA,NA
Gonopteryx_rhamni,Pieridae,NA
green_leaf_beetle_pest_insect,NA,NA
Ground beetle,Carabidae,NA
Habropoda_17,NA,NA
Halictidae,NA,NA
Halictidae 1,Halictidae,NA
Halictidae 2,Halictidae,NA
Halictidae 3,Halictidae,NA
Halictidae sp.1,Halictidae,NA
Halictinae sp.,Halictidae,NA
Halictini,Halictidae,NA
Halictus,Halictidae,NA
Halictus,NA,NA
Halictus aerarius,Halictidae,NA
Halictus brunnescens,Halictidae,NA
Halictus calceatus,Halictidae,NA
Halictus confusus,Halictidae,NA
Halictus ligatus,Halictidae,NA
Halictus quadricinctus,Halictidae,NA
Halictus rubicundis,Halictidae,NA
Halictus rubicundus,Halictidae,NA
Halictus sajoi,Halictidae,NA
Halictus scabiosae,Halictidae,NA
Halictus sexcinctus,Halictidae,NA
Halictus simplex-complex,Halictidae,NA
Halictus sp.,Halictidae,NA
Halictus sp. 1,Halictidae,NA
Halictus sp. 6f,Halictidae,NA
Halictus sp.1,Halictidae,NA
Halictus sp1,Halictidae,NA
Halictus sp2,Halictidae,NA
Halictus subauratus,Halictidae,NA
Halictus tripartitus,Halictidae,NA
Halictus tsingtouensis,Halictidae,NA
Halictus tumolorum,Halictidae,NA
Halictus tumulorum,Halictidae,NA
Halictus tumulorum,NA,NA
Halictus vestitus,Halictidae,NA
Halictus.maculatus,NA,NA
Halictus.tumulorum,NA,NA
Halictus/Lasioglossum_ spec.,Syrphidae,NA
Halictus_tumulorum,NA,NA
Hapropoda sp.,NA,NA
Haptoncus ochraceus,Nitidulidae,NA
Haptoncus_ochraceus,NA,NA
Harmonia_axyridis_I_158,Coccinellidae,NA
Harmonia_axyridis_I_158,NA,NA
Harpalus.affinis,NA,NA
Harpalus.dimidiatus,NA,NA
Harpalus.distinguendus,NA,NA
Harpalus.rubripes,NA,NA
Harpalus.rufipes,NA,NA
Harpalus.signaticornis,NA,NA
Helophilus,Syrphidae,NA
Helophilus hybridus,Syrphidae,NA
Helophilus pendulus,Syrphidae,NA
Helophilus trivittatus,Syrphidae,NA
Helophilus_ pendulus,Syrphidae,NA
Helophilus_ spec.,Syrphidae,NA
Helophilus_ trivittatus,Syrphidae,NA
Helophilus_hochstetteri,NA,NA
Helophilus_hybridus,Syrphidae,NA
Helophilus_pendulus,Syrphidae,NA
Helophilus_pendulus,NA,NA
Helophilus_seelandicus,NA,NA
Helophilus_sp,NA,NA
Helophilus_trivittatus,NA,NA
Hemipenthes sp.,Bombyliidae,NA
Hemiptera,Hemiptera,NA
Hemiptera sp.6,NA,NA
Hemiptera unknown or unidentified,Hemiptera fam.,NA
Heriades sp.,NA,NA
Heringia_ vitripennis,Syrphidae,NA
Hermetia  illucens ,Sarcophagidae,NA
Hesperidae sp2,Hesperidae,NA
Heteropt,NA,NA
Heteroptera,NA,NA
Heteroptera sp.,ni,NA
Heteroptera sp1,ni,NA
Heteroptera_10_mm_sp1,ni,NA
Heteroptera_10_mm_sp1_Carvalheirodataset,NA,NA
Heteroptera_2mm,ni,NA
Heteroptera_2mm_Carvalheirodataset,NA,NA
Heteroptera_5mm,ni,NA
Heteroptera_5mm_Carvalheirodataset,NA,NA
Heteroptera_sp.,NA,NA
heteroptera_sp3,ni,NA
heteroptera_sp3_Carvalheirodataset,NA,NA
Hippodamia.variegata..Goeze.,Coccinellidae,NA
Hippodamia_variegata_Goeze,NA,NA
Homalictus damperia,Halictidae,NA
honey_bee,NA,NA
Hoplitis claviventris,NA,NA
Hoplitis pilosofrons,Megachilidae,NA
Hoplitis producta,Megachilidae,NA
Hoplitis simplex,Megachilidae,NA
Hoplitis sp,Megachilidae,NA
Hoplitis spoliata,Megachilidae,NA
Hormiga,NA,NA
Housefly,NA,NA
Hoverfly,Syrphidae,NA
Hoverfly A,Syrphidae,NA
Hoverfly unknown or unidentified,Syrphidae,NA
Hummingbird,NA,NA
Hydrotaea_rostrata,NA,NA
Hylaeus,Colletidae,NA
Hylaeus affinis,Colletidae,NA
Hylaeus annulatus,Colletidae,NA
Hylaeus cornutus,Colletidae,NA
Hylaeus episcopallis,Colletidae,NA
Hylaeus floralis,Colletidae,NA
Hylaeus hyalinatus,Hylaeinae,NA
Hylaeus mesillae,Colletidae,NA
Hylaeus modestus,Colletidae,NA
Hylaeus nippon,Colletidae,NA
Hylaeus punctulatissimus,Colletidae,NA
Hylaeus rudbeckiae,Colletidae,NA
Hylaeus sp,Colletidae,NA
Hylaeus sp.,Colletidae,NA
Hylaeus sp. 1,Colletidae,NA
Hylaeus_capitosus,NA,NA
Hylaeus_floralis,NA,NA
Hylaeus_gredleri,NA,NA
Hylaeus_nippon,NA,NA
Hylaeus_signatus,NA,NA
Hymenoptera,NA,NA
Hymenoptera sp,NA,NA
Hymenoptera sp 1,Unknown,NA
Hymenoptera sp 2,Unknown,NA
Hymenoptera sp 3,Unknown,NA
Hymenoptera sp 4,Unknown,NA
Hymenoptera sp 5,Unknown,NA
Hymenoptera sp 6,Unknown,NA
Hymenoptera sp 7,Unknown,NA
Hymenoptera sp 8,Unknown,NA
Hymenoptera_Nonbee_Aculeata,NA,NA
hymenoptera_sp.,NA,NA
Hypolimnas misippus,Nymphalidae,NA
Hypolimnas_misippus,NA,NA
Hypotrigona gribodoi,NA,NA
Hypotrigona sp. 1,Apidae,NA
Ichneumonidae sp.2,Ichneumonidae,NA
Ichneumonidea,Ichneumonidae,NA
Ichneumonoidae sp 1,Ichneumonidae,NA
Ichneumonoidea,NA,NA
Ischiodon aegyptius,SYRPHIDAE,NA
Isoconia_haematopota_cf,Tephritidae,NA
Isoconia_haematopota_cf,NA,NA
Junonia hierta,Nymphalidae,NA
Junonia iphita (Chocolate pansy),Nymphalidae,NA
Junonia oenone,Nymphalidae,NA
ladybeetle,NA,NA
Ladybird sp1,Coccinellidae,NA
Ladybird sp2,Coccinellidae,NA
Ladybird sp3,Coccinellidae,NA
Ladybird sp4,Coccinellidae,NA
Ladybirds,Coccinellidae,NA
Ladybug,Coccinellidae,NA
Ladybug,NA,NA
Lagria_cf_aeneipennis_Fahraeus,NA,NA
Large Andrena ap.,Andrenidae,NA
Large Andrena sp.,Andrenidae,NA
Lasioglossum,Halictidae,NA
Lasioglossum  disparile,Halictidae,NA
Lasioglossum (Dialictus) ephialtum,NA,NA
Lasioglossum (Dialictus) mitchelli,NA,NA
Lasioglossum (Dialictus) pilosum,NA,NA
Lasioglossum (Dialictus) sp. Ba,Halictidae,NA
Lasioglossum (Dialictus) sp. C,Halictidae,NA
Lasioglossum (Dialictus) sp. D,Halictidae,NA
Lasioglossum (Dialictus) sp. E,Halictidae,NA
Lasioglossum (Dialictus) spp.,Halictidae,NA
Lasioglossum (Dialictus) ssp.,NA,NA
Lasioglossum (Dialictus) versatum,NA,NA
Lasioglossum (Dialictus) zephyrum,NA,NA
Lasioglossum (Evylaeus) sp. AS-E1,Halictidae,NA
Lasioglossum (Evylaeus) sp. B,Halictidae,NA
Lasioglossum (Evylaeus) sp. B,NA,NA
Lasioglossum (Evylaeus) sp. C,NA,NA
Lasioglossum (Evylaeus) sp. E,Halictidae,NA
Lasioglossum (Evylaeus) sp. I,Halictidae,NA
Lasioglossum (Evylaeus) sp. R,Halictidae,NA
Lasioglossum (Evylaeus) spp.,Halictidae,NA
Lasioglossum (Evylaeus) ssp.,NA,NA
Lasioglossum (Lasioglossum) zonulum,NA,NA
Lasioglossum abanci,Halictidae,NA
Lasioglossum admirandum,Halictidae,NA
Lasioglossum aeratum,Halictidae,NA
Lasioglossum albipenne,Halictidae,NA
Lasioglossum albipes,Halictidae,NA
Lasioglossum albipes,NA,NA
Lasioglossum anomalum,Halictidae,NA
Lasioglossum atwoodi,Halictidae,NA
Lasioglossum bimaculatum,Halictidae,NA
Lasioglossum bruneri,Halictidae,NA
Lasioglossum calceatum,Halictidae,NA
Lasioglossum calceatum,NA,NA
Lasioglossum calceatum,Apidae,NA
Lasioglossum cinctipes,Halictidae,NA
Lasioglossum coactum,Halictidae,NA
Lasioglossum coeruleum,Halictidae,NA
Lasioglossum connexum,Halictidae,NA
Lasioglossum coriaceum,Halictidae,NA
Lasioglossum cressonii,Halictidae,NA
Lasioglossum cupromicans,Halictidae,NA
Lasioglossum dialictus sp.,Halictidae,NA
Lasioglossum dialictus sp. TX 16,Halictidae,NA
Lasioglossum discum,Halictidae,NA
Lasioglossum ephialtum,Halictidae,NA
Lasioglossum ephialtum complex spp,Halictidae,NA
Lasioglossum fedorense,Halictidae,NA
Lasioglossum foveolatum,Halictidae,NA
Lasioglossum foxii,Halictidae,NA
Lasioglossum fulvicorne,NA,NA
Lasioglossum fulvicorne,Halictidae,NA
Lasioglossum hitchensi,Halictidae,NA
Lasioglossum hunteri,Halictidae,NA
Lasioglossum illinoense,Halictidae,NA
Lasioglossum imitatum,Halictidae,NA
Lasioglossum incompletum,Halictidae,NA
Lasioglossum incompletus,NA,NA
Lasioglossum interruptum,Halictidae,NA
Lasioglossum kincaidii,Halictidae,NA
Lasioglossum knereri,Halictidae,NA
Lasioglossum kumejimense,Halictidae,NA
Lasioglossum laevigatum,Halictidae,NA
Lasioglossum laterale,Halictidae,NA
Lasioglossum laticeps,Halictidae,NA
Lasioglossum lativentre,Halictidae,NA
Lasioglossum lativentre,NA,NA
Lasioglossum leavissimum,Halictidae,NA
Lasioglossum leucocomum,Halictidae,NA
Lasioglossum leucopus,Halictidae,NA
Lasioglossum leucopus,NA,NA
Lasioglossum leucozonium,NA,NA
Lasioglossum leucozonium,Halictidae,NA
Lasioglossum lineatulum,Halictidae,NA
Lasioglossum malachurum,Halictidae,NA
Lasioglossum malachurum,Apidae,NA
Lasioglossum minutissimum,Halictidae,NA
Lasioglossum minutula,Halictidae,NA
Lasioglossum morio,Halictidae,NA
Lasioglossum nevadense,Halictidae,NA
Lasioglossum nigroviridae,Halictidae,NA
Lasioglossum nitidiusculum,NA,NA
Lasioglossum obscurum,Halictidae,NA
Lasioglossum occidens,Halictidae,NA
Lasioglossum olympiae,Halictidae,NA
Lasioglossum paradmirandum,Halictidae,NA
Lasioglossum paraforbesii,Halictidae,NA
Lasioglossum parvulum,Halictidae,NA
Lasioglossum pauperatum,Halictidae,NA
Lasioglossum pauxillum,Halictidae,NA
Lasioglossum pectorale,Halictidae,NA
Lasioglossum perpunctatum,Halictidae,NA
Lasioglossum pilosum,Halictidae,NA
Lasioglossum platyparium,Halictidae,NA
Lasioglossum politum,Halictidae,NA
Lasioglossum proximatum,Halictidae,NA
Lasioglossum punctatissimum,Halictidae,NA
Lasioglossum punctatoventre,Halictidae,NA
Lasioglossum puncticolle,Halictidae,NA
Lasioglossum pygmaeum,Halictidae,NA
Lasioglossum quadrinotatum,Halictidae,NA
Lasioglossum quadrinotatum,NA,NA
Lasioglossum quebecense,Halictidae,NA
Lasioglossum rufitarse,Halictidae,NA
Lasioglossum rufitarse,NA,NA
Lasioglossum scitulum,Halictidae,NA
Lasioglossum sedi,Halictidae,NA
Lasioglossum sexnotatum,Halictidae,NA
Lasioglossum sibiriacum,Halictidae,NA
Lasioglossum sisymbrii,Halictidae,NA
Lasioglossum smeathmanellum,Halictidae,NA
Lasioglossum smilacinae,Halictidae,NA
Lasioglossum sp,Halictidae,NA
Lasioglossum sp.,Halictidae,NA
Lasioglossum sp.,NA,NA
Lasioglossum sp. 1,Halictidae,NA
Lasioglossum sp. 10f,Halictidae,NA
Lasioglossum sp. 11,Halictidae,NA
Lasioglossum sp. 13,Halictidae,NA
Lasioglossum sp. 14,Halictidae,NA
Lasioglossum sp. 14f,Halictidae,NA
Lasioglossum sp. 16f,Halictidae,NA
Lasioglossum sp. 18f,Halictidae,NA
Lasioglossum sp. 2,Halictidae,NA
Lasioglossum sp. 20,Halictidae,NA
Lasioglossum sp. 24m,Halictidae,NA
Lasioglossum sp. 26f,Halictidae,NA
Lasioglossum sp. 3,Halictidae,NA
Lasioglossum sp. 36f,Halictidae,NA
Lasioglossum sp. 4,Halictidae,NA
Lasioglossum spp.,Halictidae,NA
Lasioglossum ssp.,NA,NA
Lasioglossum subhirtum,Halictidae,NA
Lasioglossum subopatum,Halictidae,NA
Lasioglossum tegulare,Halictidae,NA
Lasioglossum tegulariforme,Halictidae,NA
Lasioglossum versatum,Halictidae,NA
Lasioglossum villosulum,Halictidae,NA
Lasioglossum weemsi,Halictidae,NA
Lasioglossum xanthopus,Halictidae,NA
Lasioglossum zephyrum,Halictidae,NA
Lasioglossum zonulum,Halictidae,NA
Lasioglossum zonulun,Halictidae,NA
Lasioglossum.calceatum,NA,NA
Lasioglossum.fulvicorne,NA,NA
Lasioglossum.interruptum,NA,NA
Lasioglossum.laticeps,NA,NA
Lasioglossum.malachurum,NA,NA
Lasioglossum.marginatum,NA,NA
Lasioglossum.morio,NA,NA
Lasioglossum.pallens,NA,NA
Lasioglossum.pauxillum,NA,NA
Lasioglossum.villosulum,NA,NA
Lasioglossum_ albipes/calceatum,Halictidae,NA
Lasioglossum_ malachurum,Halictidae,NA
Lasioglossum_ spec.,Halictidae,NA
Lasioglossum_10,NA,NA
Lasioglossum_11,NA,NA
Lasioglossum_14,NA,NA
Lasioglossum_8,NA,NA
Lasioglossum_9,NA,NA
Lasioglossum_calceatum,NA,NA
Lasioglossum_leucopus,NA,NA
Lasioglossum_malachurum,NA,NA
Lasioglossum_morio,NA,NA
Lasioglossum_occidens,NA,NA
Lasioglossum_parvulum,NA,NA
Lasioglossum_pauxillum,NA,NA
Lasioglossum_sexnotatum,NA,NA
Lasioglossum_sexstrigatum,NA,NA
Lasioglossum_sordidum,NA,NA
Lasioglossum_sp,NA,NA
Lasioglossum_sp1_cf_,Halictidae,NA
Lasioglossum_sp1_cf_Carvalheirodataset,NA,NA
Lasioglossum_villosulum,NA,NA
Lasioglossum_xanthopus,NA,NA
Lasiolgossum sp. 3,Halictidae,NA
Lasioslossum (Evylaeus) sp. A,NA,NA
Lassioglossum sp.,NA,NA
Lathrididae sp.,Lathrididae,NA
Lathrididae_sp.,NA,NA
Leioproctus_fulvescens,NA,NA
Leioproctus_huakiwi,NA,NA
Leioproctus_waipounamu,NA,NA
Lejogaster metallina,Syrphidae,NA
Lejogaster tarsata,Syrphidae,NA
Lepidoptera,NA,NA
Lepidoptera,Lepidoptera,NA
Lepidoptera sp 1,NA,NA
Lepidoptera sp 1,Unknown,NA
Lepidoptera sp 2,NA,NA
Lepidoptera sp 3,NA,NA
Lepidoptera sp 5,NA,NA
Lepidoptera sp.,ni,NA
Lepidoptera sp. 1,NA,NA
Lepidoptera sp. 2,NA,NA
Lepidoptera sp. 3,NA,NA
Lepidoptera sp. 4,NA,NA
Lepidoptera sp1,Crambidae,NA
Lepidoptera sp3,NA,NA
Lepidoptera sp4,NA,NA
Lepidoptera spp.,NA,NA
Lepidoptera spY,ni,NA
Lepidoptera white,ni,NA
lepidoptera_sp5_carvalheirodataset,NA,NA
lepidoptera_spY_carvalheirodataset,NA,NA
Lepidotera,Lepidoptera,NA
Lepisiota_sp_2_,Formicidae,NA
Lepisiota_sp_2_,NA,NA
Lerodae eufala,Hesperiidae,NA
Libytheana carinenta,Nymphalidae,NA
Ligaidae,NA,NA
Limnophora septentrionalis,Muscidae,NA
Lindenius albilabris,Crabronidae,NA
Lipotriches sp.,NA,NA
Lipotriches sp. 8,Halictidae,NA
Lipotriches yasumatsui,Halictidae,NA
Lipotriches_yasumatsui,NA,NA
Lithurge sp.,NA,NA
Lithurgus huberi,Megachilidae,NA
Lithurgus huberi,NA,NA
Lithurgus pullatus (Vachal),Megachilidae,NA
Loricara.pilicornis,NA,NA
Lucilia ampullacea,Calliphoridae,NA
Lucilia caesar,Calliphoridae,NA
Lucilia papuensis,Calliphoridae,NA
Lucilia sp,Calliphoridae,NA
Lucilia_ampullacea,NA,NA
Lucilia_papuensis,NA,NA
Lucilia_sericata,NA,NA
Lucillia sp,Calliphoridae,NA
Lycaena phlaeas,Lycaenidae,NA
Lycidae,NA,NA
Lygaeidae_sp.,NA,NA
Macrocoma_sp__near_apicicornis,Chrysomelidae,NA
Macrocoma_sp__near_apicicornis,NA,NA
Macrodactylus fulvescens Melolonthidae,NA,NA
Macrodactylus_fulvescens,NA,NA
Macrogalea candida,Apidae,NA
Macrogalea candida,NA,NA
Macrogalea candida (Smith),Apidae,NA
Macroglossum trochilus (Hubner),Sphingidae,NA
Macroglossum_trochilus_Hubner,NA,NA
Malachiinae sp1,MELYRIDAE: MALACHIINAE,NA
Malachiinae_sp1,Melyridae,NA
Malachiinae_sp1,NA,NA
Mallota tricolor?,Syrphidae,NA
Manuelia gayatina,Apidae,NA
Manuelia gayi,Apidae,NA
Mariposa alas transparentes,NA,NA
Mariposa gris chiquita,NA,NA
Mariposa marron grande,NA,NA
Mariposa marron pequeña,NA,NA
Mariposa monarca,NA,NA
May fly,NA,NA
Megacampsomeris grossa,Scoliidae,NA
Megacampsomeris_grossa,NA,NA
Megachile (Chalicodoma) sp.,NA,NA
Megachile albitarsis,Megachilidae,NA
Megachile bicolor,NA,NA
Megachile brevis,Megachilidae,NA
Megachile deflexa,Megachilidae,NA
Megachile flavipennis,NA,NA
Megachile frontalis cf.,Megachilidae,NA
Megachile hera,Megachilidae,NA
Megachile humilis,Megachilidae,NA
Megachile melanophaea,Megachilidae,NA
Megachile montivaga,Megachilidae,NA
Megachile onobrychidis,Megachilidae,NA
Megachile parallela,Megachilidae,NA
Megachile relativa,Megachilidae,NA
Megachile rotundata,Megachilidae,NA
Megachile sp,Megachilidae,NA
Megachile sp. 1f,Megachilidae,NA
Megachile sp. aff. bakeri,NA,NA
Megachile sp.1,NA,NA
Megachile sp.2,NA,NA
Megachile sp.3,NA,NA
Megachile sp.4,NA,NA
Megachile sp5.,NA,NA
Megachile tsurugensis,Megachilidae,NA
Megachile versicolor,Megachilidae,NA
Megachile_frontalis_cf,NA,NA
Megachile_hera,NA,NA
Megachile_humilis,NA,NA
Megachile_tsurugensis,NA,NA
Megachilid,Megachilidae,NA
Megachilidae,Megachilidae,NA
Megachillid,Megachilidae,NA
Megalopta sp.,Halictidae,NA
Megalopta sp.,NA,NA
Megascolia maculata,Scoliidae,NA
Melandrena,Andrenidae,NA
Melandrena sp,Andrenidae,NA
Melangyna_cincta,NA,NA
Melangyna_novaezelandiae,NA,NA
Melanogaster aerosa,Syrphidae,NA
Melanogaster_ hirtella,Syrphidae,NA
Melanogaster_aerosa,Syrphidae,NA
Melanogaster_hirtella,NA,NA
Melanostoma,Syrphidae,NA
Melanostoma mellinum,Syrphidae,NA
Melanostoma mellinum,NA,NA
Melanostoma scalare,Syrphidae,NA
Melanostoma sp.,Syrphidae,NA
Melanostoma.mellinum,NA,NA
Melanostoma.scalare,NA,NA
Melanostoma.spec.,NA,NA
Melanostoma_ mellinum,Syrphidae,NA
Melanostoma_ scalare,Syrphidae,NA
Melanostoma_ spec.,Syrphidae,NA
Melanostoma_fasciatum,NA,NA
Melanostoma_mellinum,Syrphidae,NA
Melanostoma_mellinum,NA,NA
Melanostoma_scalare,NA,NA
Melanostoma_sp,NA,NA
Meligethes sp.,Nitidulidae,NA
Meligethies.anaeus,NA,NA
Melinda okazakii,Muscidae,NA
Melipona subnitida,Apidae,NA
Melipona subnitida,NA,NA
Melipona_sp,NA,NA
Meliponini,Apidae,NA
Meliponini sp. 1,Apidae,NA
Meliponula ferruginea,Apidae,NA
Meliponula sp.,NA,NA
Melissodes bimaculata,NA,NA
Melissodes lupina,Apidae,NA
Melissodes robustior,Apidae,NA
Melissodes tepanaca,Apidae,NA
Melissoptila sp.,NA,NA
Melissoptila uncicornis,Apidae,NA
Melissoptila uncicornis,NA,NA
Melitoma aff. segmentaria,Apidae,NA
Melitoma marginella,Apidae,NA
Melitomella grisescens,Apidae,NA
Melitomella murihirta,Apidae,NA
Melitomella murihirta,NA,NA
Melitta leporina,Melittidae,NA
Mellisodes sp.,NA,NA
Melolonthidae,Melolonthidae,NA
Melyridae sp1,Melyridae,NA
Melyridae_sp1,NA,NA
Merodon equestris,NA,NA
Merodon equestris,Syrphidae,NA
Merodon_equestris,Syrphidae,NA
Mesembrius sp,Syrphidae,NA
Microgastrinae,Braconidae,NA
Microgastrinae,NA,NA
Micromus._tasmaniae,NA,NA
Milesia crabroniformis,Syrphidae,NA
Milesia sp. 1,Syrphidae,NA
Milichiidae,NA,NA
Mirid Bug,Miridae,NA
Miris striatus,Miridae,NA
Mischicyttatus rotundicollis,Vespidae,NA
Monolepta australis,Chrysomelidae,NA
Monolepta citrinella Jacoby,CHRYSOMELIDAE: GALERUCINAE,NA
Monolepta_citrinella_Jacoby,NA,NA
Monolepta_ursulae_Wagner_2003,Chrysomelidae,NA
Monolepta_ursulae_Wagner_2003,NA,NA
Mordellinae sp1,MORDELLIDAE: MORDELLINAE,NA
Mosca brillante,NA,NA
Mosca domestica,NA,NA
Mosca gris lomo rayado,NA,NA
moth,NA,NA
moth sp3,ni,NA
moth sp5,ni,NA
Musca domestica,Muscidae,NA
Musca hervei,Muscidae,NA
Musca_hervei,NA,NA
Muscidae,Muscidae,NA
Muscidae (like a house fly),Muscidae,NA
Muscidae sp 1,Muscidae,NA
Muscidae sp1,Muscidae,NA
Muscidae..inc.Musca_domestica_L.,Muscidae,NA
Muscidae_6,NA,NA
Muscidae_7,NA,NA
Muscidae_sp.,NA,NA
Mutillidae sp.1,Vespidae,NA
Myathropa florea,Syrphidae,NA
Myathropa_florea,NA,NA
Myorhina ugamskii,Sarcophagidae,NA
Myorhina uniseta,Sarcophagidae,NA
Myorhina_uniseta,NA,NA
Nannotrigona testaceicornes,Apidae,NA
native_bee,NA,NA
native_bumble_bee,NA,NA
Nebria.brevicollis,NA,NA
Nebria.salina,NA,NA
Nematocera,Nematocera fam.,NA
Nematocera_sp.,NA,NA
Nemotelus nigrinus,Stratiomyidae,NA
Neoascia geniculata,Syrphidae,NA
Neoascia podagrica,Syrphidae,NA
Neoascia tenur,Syrphidae,NA
Neoascia_podagrica,NA,NA
Neocnemodon_ vitripennis,Syrphidae,NA
Neomyia timorensis,Muscidae,NA
Neomyia_timorensis,NA,NA
Neophryxe psychidis,Tachinidae,NA
Neophryxe_psychidis,NA,NA
Nephrotoma spp.,Tipulidae,NA
Neuroptera sp.2,NA,NA
Nezara viridula,Pentatomidae,NA
Nezara_viridula,NA,NA
Nitulidae_sp_,Nitulidae,NA
Nitulidae_sp_,NA,NA
Nomada,Apidae,NA
Nomada armatella,Apidae,NA
Nomada bethunei,Apidae,NA
Nomada bidentate,Apidae,NA
Nomada cressonii,Apidae,NA
Nomada denticulata,Apidae,NA
Nomada depressa,Apidae,NA
Nomada fabricana,Apidae,NA
Nomada fabriciana,Apidae,NA
Nomada flavoguttata,Apidae,NA
Nomada fucata,Apidae,NA
Nomada goodeniana,Apidae,NA
Nomada gracilis,Apidae,NA
Nomada luteoloides,Apidae,NA
Nomada marshamella,NA,NA
Nomada marshamella,Apidae,NA
Nomada melathoracica,Apidae,NA
Nomada meridionalis,Apidae,NA
Nomada parva,Apidae,NA
Nomada ruficornis,Apidae,NA
Nomada ruficornis,NA,NA
Nomada sp,Apidae,NA
Nomada sp.,Apidae,NA
Nomada sp1,Apidae,NA
Nomada sp2,Apidae,NA
Nomada striata,Apidae,NA
Nomada versicolor,Apidae,NA
Nomada.flavoguttata,NA,NA
Nomada_fabriciana,NA,NA
Nomada_flava,NA,NA
Nomada_marshamella,NA,NA
Nomada_ruficornis,NA,NA
Nomada_sp,NA,NA
Nomia sp.,NA,NA
Nomia sp. 1,NA,NA
Nomia sp. 2,NA,NA
Nomia sp. 3,NA,NA
Nomia_irridiscens,NA,NA
Nomiapis bispinosa,Apidae,NA
Nomiapis diversipes,Halictidae,NA
Non identified bee,Non identified,NA
Notiophilus.aestuans,NA,NA
Notiophilus.palustris,NA,NA
Nyctemera_annulata,NA,NA
Ocyptamus gastrostactus,Syrphidae,NA
Odonata sp.1,NA,NA
Odonata sp.2,NA,NA
Odonata spp.,Odonata fam.,NA
Odontomyia_sp.,NA,NA
Oecophylla smaragdina,Formicidae,NA
Oedemera lurida,Oedemeridae,NA
Oedemera spp.,Oedemeridae,NA
Omicron sp.1,Vespidae,NA
Onesia nartshukae　complex,Calliphoridae,NA
Onesia pusilla,Calliphoridae,NA
Onesia_nartshukae_complex,NA,NA
Oreumenes decoratus,Vespidae,NA
Oreumenes_decoratus,NA,NA
Ornidia obesa,Syrphidae,NA
Ornidia obessa,Syrphidae,NA
Orocrambus_flexuosellus,NA,NA
Orthonevra geniculata,Syrphidae,NA
Orthonevra nobilis,Syrphidae,NA
Orthoptera sp.1,NA,NA
Osmia,Megachilidae,NA
Osmia albiventris,Megachilidae,NA
Osmia atriventris,Megachilidae,NA
Osmia atrocyanea,Megachilidae,NA
Osmia aurulenta,Megachilidae,NA
Osmia bicolor,Megachilidae,NA
Osmia bicolor,Apidae,NA
Osmia bicornis,Megachilidae,NA
Osmia bicornis,Apidae,NA
Osmia bucephala,Megachilidae,NA
Osmia conjuncta,Megachilidae,NA
Osmia cornifrons,Megachilidae,NA
Osmia cornuta,Megachilidae,NA
Osmia cyanella,Megachilidae,NA
Osmia inermis,Megachilidae,NA
Osmia lignaria,Megachilidae,NA
Osmia lignaria propingua,NA,NA
Osmia ligurica,Megachilidae,NA
Osmia michiganensis,Megachilidae,NA
Osmia pumila,Megachilidae,NA
Osmia rufa,Megachilidae,NA
Osmia sp,Megachilidae,NA
Osmia sp.,Apidae,NA
Osmia sp.,Megachilidae,NA
Osmia sp1,Megachilidae,NA
Osmia spinulosa,Megachilidae,NA
Osmia ssp.,NA,NA
Osmia subfasciata,Megachilidae,NA
Osmia taurus,Megachilidae,NA
Osmia.bicornis,NA,NA
Osmia_ bicornis,Megachilidae,NA
Osmia_ rufa,Megachilidae,NA
Osmia_18,NA,NA
Osmia_19,NA,NA
Osmia_bicornis,NA,NA
Osmia_rufa,NA,NA
Osmia_sp,NA,NA
other,NA,NA
other  bee,Apidae,NA
Other Coleoptera (>3mm),Coleoptera fam.,NA
Other Diptera (>3mm),Diptera fam.,NA
Other Hemiptera (>3mm),Hemiptera fam.,NA
Other Hymenoptera (>3mm),Hymenoptera fam.,NA
Other solitary bee,Hymenoptera,NA
Other Solitary wasp,Aculeata fam.,NA
other.diptera,NA,NA
other.syrphidae,NA,NA
other_Diptera,NA,NA
Other_Dipterans,Diptera,NA
other_fly,NA,NA
Otitidae,NA,NA
"Oxaea flavescens Klug, 1807",Andrenidae (Oxaeinae),NA
Oxysarcodexia_varia,NA,NA
Pachyanthidium cordatum,NA,NA
Pachymelus conspicuus,NA,NA
Pagurodactylus_sp2,Melyridae,NA
Pagurodactylus_sp2,NA,NA
Pales sp.,Tachinidae,NA
Pales_marginata,NA,NA
Pales_sp.,NA,NA
Pales_usitata,NA,NA
Palpada furcata,Syrphidae,NA
Palpada mexicana,Syrphidae,NA
Palpada pygolampus,Syrphidae,NA
Palpada vinetorum,Sirfidae,NA
Panurginus sp.,Andrenidae,NA
Panurginus sp.,NA,NA
Panurginus_15,NA,NA
Papilio thoas,papilionidae,NA
Paragus jazanus,Syrphidae,NA
Paragus longiventris,SYRPHIDAE,NA
Paragus quadrifasciata,Syrphidae,NA
Paragus quadrifasciatus,Syrphidae,NA
Paragus_quadrifasciatus,NA,NA
Pararge aegeria,Leipdoptera,NA
Pararge_aegeria,NA,NA
Parasarcophaga albiceps,Sarcophagidae,NA
Parasarcophaga similis,Sarcophagidae,NA
Parasarcophaga unguitigris,Sarcophagidae,NA
Parasarcophaga_albiceps,NA,NA
Parasarcophaga_similis,NA,NA
Parasarcophaga_unguitigris,NA,NA
parasitic_wasp,NA,NA
Parasitica,NA,NA
parasitoid_wasp,NA,NA
Parasitoids,Parasitica fam.,NA
Parasyrphus annulatus,Syrphidae,NA
Parasyrphus lineolus,Syrphidae,NA
Parasyrphus macularis,Syrphidae,NA
Parasyrphus.annulatus,NA,NA
Parasyrphus_nigritarsis,NA,NA
Paratrigona lineata,Apidae,NA
"Paratrigona lineata Lepeletier, 1836",Apidae,NA
Paravespula sp.,Vespidae,NA
Parhelophilus frutetorum,Syrphidae,NA
Parhelophilus_frutetorum,NA,NA
Parnara guttata,Hesperiidae,NA
Parnara_guttata,NA,NA
Parophonus.maculicornis,NA,NA
Partamona sp.,Apidae,NA
Partamona sp.,NA,NA
Partamona sp.1,Apidae,NA
Patellapis sp. 4,Halictidae,NA
Pedinorrhina__Chondrorrhina__trivittata__Schaum,Scarabaeidae,NA
Pedinorrhina__Chondrorrhina__trivittata__Schaum,NA,NA
Pelopidas mathias,Hesperiidae,NA
Pelopidas_mathias,NA,NA
Pemphredon inornata,Crabronidae,NA
Pemphredon lethifer,Crabronidae,NA
Penthetria japonica,Bibionidae,NA
Peponapis pruniosa,NA,NA
Pepsis sp.,Pompilidae,NA
Phasmatodea_sp.,NA,NA
Phoebis neocypris,Hesperiidae,NA
Phyciodes tharos,Nymphalidae,NA
Phyllopertha horticola,Scarabaeidae,NA
Phytomia zonata,Syrphidae,NA
Phytomia_zonata,NA,NA
Pieridae_sp,NA,NA
Pieris canidia (Indian cabbage white),Pieridae,NA
Pieris rapae,Pieridae,NA
Pieris_brassicae,Pieridae,NA
Pieris_canidia,NA,NA
Pieris_napi,Lepidoptera,NA
Pieris_napi,NA,NA
Pieris_rapae,NA,NA
Pipiza noctiluca,Syrphidae,NA
Pipiza quadrimaculata,Syrphidae,NA
Pipiza sp.,Syrphidae,NA
Pipiza_ noctiluca,Syrphidae,NA
Pipizella viduata,Syrphidae,NA
Pipizella_ viduata,Syrphidae,NA
Pipizella_viduata,NA,NA
Pirpinto amarillo,NA,NA
Platycheirus,Syrphidae,NA
Platycheirus albimanus,Syrphidae,NA
Platycheirus angustatus,Syrphidae,NA
Platycheirus cf. ambiguus,Syrphidae,NA
Platycheirus clypeatus,Syrphidae,NA
Platycheirus fulviventris,Syrphidae,NA
Platycheirus manicatus,Syrphidae,NA
Platycheirus manicatus,NA,NA
Platycheirus occultus,Syrphidae,NA
Platycheirus peltatus,Syrphidae,NA
Platycheirus scambus,Syrphidae,NA
Platycheirus sp.,Syrphidae,NA
Platycheirus tarsalis,Syrphidae,NA
Platycheirus.albimanus,NA,NA
Platycheirus.manicatus,NA,NA
Platycheirus.scutatus,NA,NA
Platycheirus/Melanostoma_ spec.,Syrphidae,NA
Platycheirus_ albimanus,Syrphidae,NA
Platycheirus_ ambiguus,Syrphidae,NA
Platycheirus_ cf. scutatus,Syrphidae,NA
Platycheirus_ peltatus,Syrphidae,NA
Platycheirus_ scutatus,Syrphidae,NA
Platycheirus_albimanus,Syrphidae,NA
Platycheirus_albimanus,NA,NA
Platycheirus_angustatus,NA,NA
Platycheirus_clypeatus,NA,NA
Platycheirus_nielseni,Syrphidae,NA
Platycheirus_peltatus,Syrphidae,NA
Platycheirus_scambus,Syrphidae,NA
Platycheirus_scutatus,NA,NA
Platycheirus_sp,Syrphidae,NA
Platycheirus_splendidus,NA,NA
Platynus.assimilis,NA,NA
Playcheirus_ spec.,Syrphidae,NA
Plebeia frontalis,NA,NA
Plebeia sp,Apidae,NA
Plebeia sp.1,Apidae,NA
Plebeia_frontalis,NA,NA
Plebeina hildebrandti,NA,NA
Plecia sp,Bibionidae,NA
Plecoptera spp.,Plecoptera fam.,NA
Plutella xylostella,Plutellidae,NA
Poecilus.cupreus,NA,NA
Poecilus.versicolor,NA,NA
Polistes bischoffi,Vespidae,NA
Polistes dominula,Vespidae,NA
Polistes hebraeus,Vespidae,NA
Polistes nipponensis,Vespidae,NA
Polistes rothneyi,Vespidae,NA
Polistes snelleni,Vespidae,NA
Polistes sp2,Vespidae,NA
Polistes_nipponensis,NA,NA
Polistes_snelleni,NA,NA
Polistes_sp,NA,NA
Polistes_sp_hipolitodataset,NA,NA
Polistinae sp 1,NA,NA
Polistinae sp2,NA,NA
Polistinae_sp1_vergaradataset,NA,NA
Polistinae_sp2_vergaradataset,NA,NA
Pollen beetle,Nitidulidae,NA
Pollenia_pseudorudis,NA,NA
Polybia dimidiata,Vespidae,NA
Polybia ignobilis,Vespidae,NA
Polybia sericea,Vespidae,NA
Polybia sp.1,Vespidae,NA
Polybia sp.2,Vespidae,NA
Polytremis pellucida,Hesperiidae,NA
Polytremis_pellucida,NA,NA
Pompilidae_cf,NA,NA
POMPILIDAE_cf,POMPILIDAE,NA
Pompilidae_sp1_hipolitodataset,NA,NA
Pompillidae sp 1,Pompillidae,NA
Precis_iphita,NA,NA
Proscissio_sp.,NA,NA
Protohystricia_alcis,NA,NA
Psaenythia sp.,NA,NA
Pseudapis sp.,NA,NA
Pseudapis sp. 1,Halictidae,NA
Pseudoanthidium sp.,NA,NA
Pseudodorus clavatus,Syrphidae,NA
Pseudophilanthus sp.,NA,NA
Pterostichus.anthracinus,NA,NA
Pterostichus.melanarius,NA,NA
Pterostichus.nigrita,NA,NA
Pterostichus.vernalis,NA,NA
Ptilothrix bombiformis,Apidae,NA
Ptilothrix plumata,Apidae,NA
Ptilothrix plumata,NA,NA
Pyrgus communis/albescens,Hesperiidae,NA
Rhingia campestris,Syrphidae,NA
Rhingia.campestris,NA,NA
Rhingia_ campestris,Syrphidae,NA
Rhingia_campestris,NA,NA
Rhingia_rostrata,NA,NA
Rhyncomya forcipata,Calliophoridae,NA
Ripiphoridae,Ripiphoridae,NA
robberfly,NA,NA
Rove beetle,Staphylinidae,NA
Rsselkfer,NA,NA
Ruizantheda proxima,Halictidae,NA
Ruizanthedella mutabilis,Halictidae,NA
Salpinigaster_sp,NA,NA
Sarcophaga albiceps,Sarcophagidae,NA
Sarcophaga horii,Sarcophagidae,NA
Sarcophaga melanur,Sarcophagidae,NA
Sarcophaga peregrina,Sarcophagidae,NA
Sarcophaga septentrionalis,Sarcophagidae,NA
Sarcophagidae,Sarcophagidae,NA
Sarcophagidae,NA,NA
Sarcophagidae sp 1,Sarcophagidae,NA
Sarcophagidae sp.,Sarcophagidae,NA
Sarcophagidae.sp,Sarcophagidae,NA
Sargus iridatus,Stratiomyidae,NA
Saw flies,Symphyta fam.,NA
Scaeva pyrastri,Syrphidae,NA
Scaeva selenitica,Syrphidae,NA
Scaeva_pirastry,NA,NA
Scaeva_pyrastri,Syrphidae,NA
Scaeva_selenitica,NA,NA
Scaptia_sp.,NA,NA
Scaptotrigona mexicana,NA,NA
Scaptotrigona sp.1,Apidae,NA
Scaptotrigona_mexicana,NA,NA
Scatophagidae,NA,NA
Sciaridae sp,Sciaridae,NA
Sciaridae sp,Sciaridae sp,NA
Scolia oculata,Scoliidae,NA
Scolia_oculata,NA,NA
Scoliidae sp.1,Vespidae,NA
Scoliidae sp1,Scoliidae,NA
Scoliidae sp2,Scoliidae,NA
"Scymnus cf. capicola Casey, 1899",COCCINELLIDAE:SCYMNINAE: SCYMNINI,NA
Senaspis haemorrhoa,Syrphidae,NA
Senaspis_haemorrhoa,NA,NA
Sepedon aenescens,Sciomyzidae,NA
Sericomyia silentis,Syrphidae,NA
Sericomyia_silentis,Syrphidae,NA
Shield Bugs,Pentatomoidea,NA
shield_bug,NA,NA
Small Andrena sp.,Andrenidae,NA
Social wasps,Vespidae,NA
soldierfly,NA,NA
solitary bee,Apoidea,NA
Solitary bee unknown or unidentified,Apoidea fam.,NA
solitary.bee,NA,NA
solitary_bee,NA,NA
Specodes sp.,Halictidae,NA
Sphaerophoria interrupta,Syrphidae,NA
Sphaerophoria philanta,Syrphidae,NA
Sphaerophoria rueppelli,Syrphidae,NA
Sphaerophoria scripta,Syrphidae,NA
Sphaerophoria scripta,NA,NA
Sphaerophoria sp.,Syrphidae,NA
Sphaerophoria sp. 2,Syrphidae,NA
Sphaerophoria sp.1,Syrphidae,NA
Sphaerophoria taeniata,Syrphidae,NA
sphaerophoria.sp,NA,NA
Sphaerophoria.spec.,NA,NA
Sphaerophoria_batava,Syrphidae,NA
Sphaerophoria_cf_scripta,NA,NA
Sphaerophoria_interrupta,NA,NA
Sphaerophoria_scripta,Syrphidae,NA
Sphaerophoria_scripta,NA,NA
Sphaerophoria_sp,Syrphidae,NA
Sphaerophoria_sp.,NA,NA
Sphaerophoria_taeniata,Syrphidae,NA
Sphecidae sp1,Sphecidae,NA
Sphecodes cressoni,Halictidae,NA
Sphecodes ephippius,NA,NA
Sphecodes ephippius,Halictidae,NA
Sphecodes ephippius,Apidae,NA
Sphecodes geoffrellus,Halictidae,NA
Sphecodes monilicornis,Halictidae,NA
Sphecodes nambui,Halictidae,NA
Sphecodes niger,Halictidae,NA
Sphecodes sp.,Halictidae,NA
Sphecodes sp. B,Halictidae,NA
Sphecodes sp. CK-SC-1,Halictidae,NA
Sphecodes sp3,Halictidae,NA
Sphecodes sp4,Halictidae,NA
Sphiximorpha subsessilis,Syrphidae,NA
spider,Araneae fam.,NA
spider,NA,NA
Spider,Aranea (order),NA
Spilagona_melas,NA,NA
Staphilinidae_sp_,Staphilinidae,NA
Staphylinidae,NA,NA
Staphylinidae.sp..1_howlettdataset,NA,NA
Staphylinidae_Carvalheirodataset,NA,NA
Stenolophus.teutonus,NA,NA
Stenotabanus sp?,Tabanidae,NA
Stick insect,NA,NA
Stilt bug,Berytidae,NA
Stip of streep fopwesp,Vespidae,NA
Stomis.pumicatus,NA,NA
Stomorhina discolour,Rhiniidae,NA
Stomorhina obsoleta,Calliphoridae,NA
Stomorhina sp 1,Rhiniidae,NA
Stomorhina xanthogaster,Rhiniidae,NA
Stomorhina_obsoleta,NA,NA
Stratiomyidae,NA,NA
Stratiomyidae sp.2,Stratiomyidae,NA
Stratiomys japonica,Stratiomyiidae,NA
Stratiomys_japonica,NA,NA
Strymon melinus,Lycaenidae,NA
Svastra atripes,Apidae,NA
Svastra obliqua,Apidae,NA
Svastra petulca,Apidae,NA
Symphyta,Symphyta,NA
Symphyta sp1,NA,NA
Symphyta_sp.,NA,NA
Synoeca cyanea,Vespidae,NA
Syrhipds,Syrpidae,NA
Syritta pipiens,Syrphidae,NA
Syritta pipiens,NA,NA
Syritta sp,Syrphidae,NA
Syritta.pipiens,NA,NA
Syritta_ pipiens,Syrphidae,NA
Syritta_pipiens,Syrphidae,NA
Syritta_pipiens,NA,NA
Syritta_sp1,Syrphidae,NA
Syritta_sp1,NA,NA
Syrph 1,NA,NA
Syrph 2,NA,NA
Syrph 3,NA,NA
Syrphid- Honeybee mimic,Syrphidae,NA
Syrphid sp.,Syrphidae,NA
Syrphid sp. 2,Syrphidae,NA
Syrphid_1,NA,NA
Syrphid_1_vergara,NA,NA
Syrphid_2,NA,NA
Syrphid_2_vergara,NA,NA
Syrphid_3,NA,NA
Syrphid_3_vergara,NA,NA
syrphidae,NA,NA
Syrphidae,Syrphidae,NA
Syrphidae,NA,NA
Syrphidae (hover fly),Syrphidae,NA
Syrphidae large,NA,NA
Syrphidae medium,NA,NA
Syrphidae small,NA,NA
Syrphidae sp 1,Syrphidae,NA
Syrphidae sp.,Syrphidae,NA
Syrphidae sp1,Syrphidae,NA
Syrphidae sp2,Syrphidae,NA
Syrphidae sp20,Syrphidae,NA
Syrphidae sp3,Syrphidae,NA
Syrphidae sp4,Syrphidae,NA
Syrphidae spec. 1,NA,NA
Syrphidae_sp_,Syrphidae,NA
Syrphidae_sp1carvalheirodataset,NA,NA
Syrphidae_sp20_carvalheirodataset,NA,NA
Syrphido,NA,NA
Syrphus ribesii,Syrphidae,NA
Syrphus ribessi,Syrphidae,NA
Syrphus torvus,Syrphidae,NA
Syrphus vitripennis,Syrphidae,NA
Syrphus.ribesii,NA,NA
Syrphus.torvus,NA,NA
Syrphus.vitripennis,NA,NA
Syrphus_ ribesii,Syrphidae,NA
Syrphus_ spec.,Syrphidae,NA
Syrphus_ vitripennis,Syrphidae,NA
Syrphus_ribesii,Syrphidae,NA
Syrphus_ribesii,NA,NA
Syrphus_sp,NA,NA
Syrphus_vitripennis,Syrphidae,NA
Syrphus_vitripennis,NA,NA
Systropha aethiopica,NA,NA
T. corvina,NA,NA
T. nigerrima,NA,NA
Tachinidae sp 1,Tachinidae,NA
Tachinidae sp 2,Tachinidae,NA
Tachinidae sp.,Tachinidae,NA
Tachinidae sp.1,Tachinidae,NA
Tachinidae_sp..2,NA,NA
Tachinidae_sp1,NA,NA
Tachnidae,NA,NA
Tachys.bistriatus,NA,NA
Tachytes etruscus,Sphecidae,NA
Tachytes fruticis,Crabronidae,NA
Tachytes_etruscus_Rossi_1790,NA,NA
Tachytes_fruticis_Tsuneki_1964,NA,NA
talvez_Allograpta_calopus_,Syrphidae,NA
Tanypezidae,NA,NA
Tenebrionidae sp,Tenebrionidae,NA
Tephritidae,NA,NA
Tetragonula carbonaria,Apidae,NA
Tetragonula iridipennis,Apidae,NA
Tetragonula_iridipennis,Apidae,NA
Tetragonula_iridipennis,NA,NA
Tetralonia mitsukurii,Apidae,NA
Tetralonia sp.,NA,NA
Tetralonia sp. 1f,Apidae,NA
Tetraloniella ? apicalis (Friese),Apidae,NA
Tetraloniella sp.,NA,NA
Tetraloniella_apicalis_Friese_unsure,NA,NA
Tetramorium_sp_1_,Formicidae,NA
Tetramorium_sp1,NA,NA
Thoressa varia,Hesperiidae,NA
Thyreus nitidulus quartinae,NA,NA
Thyreus pictus,NA,NA
Thyreus smithii,Apidae,NA
Thyreus_massuri,NA,NA
Thysanoptera (Thrips),Aeolothripidae?,NA
Thysanoptera_sp.,NA,NA
Tineoidea_sp.,NA,NA
Tingidae,NA,NA
tiny insect,NA,NA
Tiphiidae sp 1,Tiphiidae,NA
Tiphiidae sp.4,Tiphiidae,NA
Tipula_sp.,NA,NA
Tipulidae,Tipulidae,NA
Tipulidae,NA,NA
Tipulidae sp 1,Unknown,NA
Tipulidae spp.,Tipulidae,NA
Toxomerus floralis,Syrphidae,NA
Toxomerus politus,Syrphidae,NA
Toxomerus sp1,Syrphidae,NA
Toxomerus sp2,Syrphidae,NA
Trechus.quadristriatus,NA,NA
Trichotichnus.nitens,NA,NA
Triepeolus concavus,Apidae,NA
Triepeolus remigatus,NA,NA
Trigona fuscipennis,Apidae,NA
Trigona sp. 2,NA,NA
Trigona sp2,Apidae,NA
Trigona spinipes,Apidae,NA
Trigona spinipes,NA,NA
"Trigona spinipes Fabricius, 1793",Apidae,NA
Trigona_corvina,NA,NA
Trigona_nigerrima,NA,NA
Tropidia_scita,NA,NA
Trypoxylon clavicerum,Crabronidae,NA
Typhedanus undulatus,Hesperiidae,NA
Unknown,Unknown,NA
Unknown,NA,NA
Unknown bee sp. 13,Apoidae,NA
Unknown cuckoo bee,Apoidea fam.,NA
Unknown syrphid sp. 2,Syrphidae,NA
Unknown wasp sp. 11,Vespidae,NA
Unknown wasp sp. 13,Vespidae,NA
Unknown wasp sp. 14,Vespidae,NA
Unknown wasp sp. 15,Vespidae,NA
Unknown wasp sp. 16,Vespidae,NA
Unknown wasp sp. 18,Vespidae,NA
Unknown wasp sp. 19,Vespidae,NA
Unknown wasp sp. 2,Vespidae,NA
Unknown wasp sp. 20,Vespidae,NA
Unknown wasp sp. 21,Vespidae,NA
Unknown wasp sp. 25,Vespidae,NA
Unknown wasp sp. 26,Vespidae,NA
Unknown wasp sp. 3,Vespidae,NA
Unknown wasp sp. 30,Vespidae,NA
Unknown wasp sp. 5,Vespidae,NA
Unknown wasp sp. 7,Vespidae,NA
Unknown wasp sp. 9,Vespidae,NA
Utetheisa pulchella,Arctiidae,NA
Utetheisa_pulchella,NA,NA
Vanessa braziliensis,Nymphalidae,NA
Vanessa carye,Nymphalidae,NA
Vanessa_cardui,NA,NA
Vanessa_itea,NA,NA
Vespa analis,Vespidae,NA
Vespa crabro,Vespidae,NA
Vespa ducalis,Vespidae,NA
Vespa simillima,Vespidae,NA
Vespa velutina,Vespidae,NA
Vespid,Vespidae,NA
Vespidae,NA,NA
Vespidae sp 1,Vespidae,NA
Vespidae sp.,Vespidae,NA
vespidae sp.1,Vespidae,NA
Vespidae sp.1,Vespidae,NA
Vespidae sp.2,Vespidae,NA
Vespidae sp.5,Vespidae,NA
Vespidae sp.6,Apidae,NA
Vespidae sp.6,Vespidae,NA
Vespidae sp1,Vespidae,NA
Vespidae sp2,Vespidae,NA
Vespidae sp3,Vespidae,NA
Vespidae_sp,NA,NA
Vespidae_sp_,Vespidae,NA
Vespidae_sp1_hipolitodataset,NA,NA
Vespidae_sp2_hipolitodataset,NA,NA
Vespidae_sp3_hipolitodataset,NA,NA
Vespidae_sp5_hipolitodataset,NA,NA
Vespidae_spn_hiploitodataset,NA,NA
Vespidae_yellowbody,Vespidae,NA
vespids,NA,NA
Vespula flaviceps,Vespidae,NA
Vespula germanica,NA,NA
Vespula koreensis,Vespidae,NA
Vespula sp. 1,Vespidae,NA
Villa sp.,Bombyliidae,NA
Volucella bombylans,Syrphidae,NA
Volucella bombylans,NA,NA
Volucella_bombylans,NA,NA
wasp,NA,NA
Wasp,Hymenoptera (order),NA
Wasp sp.,Vespidae,NA
weevil,NA,NA
Weevil,Curculionoidea,NA
Wild bee,Hymenoptera (order),NA
wild_bee_unknown,NA,NA
Wild_Bees,Apoidea,NA
wilde bij (klein),Apoidae,NA
Xanthocnemis_zealandica,NA,NA
Xeromelecta californica,Anthophoridae,NA
Xylocopa (Stenoxylocopa) sp1.,Apidae,NA
Xylocopa aestuans,Apidae,NA
Xylocopa aestuans/ Xylocopa latipes,Apidae,NA
Xylocopa aesturns,NA,NA
Xylocopa appendiculata circumvolans,Apidae,NA
Xylocopa augusti,Apidae,NA
Xylocopa caffra,NA,NA
Xylocopa cearensis,Apidae,NA
Xylocopa cearensis ,Apidae,NA
Xylocopa ciliata,Apidae,NA
Xylocopa collars,NA,NA
Xylocopa erythrina,NA,NA
Xylocopa eximia,Megachilidae,NA
Xylocopa flavorufa (DeGeer),Apidae,NA
Xylocopa frontalis,Apidae,NA
Xylocopa frontalis,NA,NA
Xylocopa griscescens,Apidae,NA
Xylocopa griscescens,NA,NA
Xylocopa imitator,NA,NA
Xylocopa inconstans,Apidae,NA
Xylocopa inconstans,NA,NA
Xylocopa macrops,Apidae,NA
Xylocopa micans,Apidae,NA
Xylocopa muscaria,Apidae,NA
Xylocopa muscaria,NA,NA
Xylocopa N. grisescens,Apidae,NA
Xylocopa negro,Megachilidae,NA
Xylocopa rufipes,Apidae,NA
Xylocopa schonherria,Apidae,NA
Xylocopa senior,NA,NA
Xylocopa somalica,NA,NA
Xylocopa sp 1,Xylocopinae,NA
Xylocopa sp.,Apidae,NA
Xylocopa sp.1,NA,NA
Xylocopa sp.2,NA,NA
Xylocopa sp.3,NA,NA
Xylocopa splendidula,Apidae,NA
Xylocopa tranquabarorum,Apidae,NA
Xylocopa violacea,Apidae,NA
Xylocopa virginica,Apidae,NA
Xylocopa_aestuans,NA,NA
Xylocopa_appendiculata_circumvolans,NA,NA
Xylocopa_inconstans_Smith_cf,NA,NA
Xylocopa_sp1,Apidae,NA
Xylota_ segnis,Syrphidae,NA
Xylota_segnis,NA,NA
Xylota_tarda,Syrphidae,NA
Zenillia albipila,Tachinidae,NA
Zenillia_albipila,NA,NA
Zizeeria maha,Lycaenidae,NA
Zizina_labradus,NA,NA
Zygoptera_sp.,NA,NA
NA,NA,NA
NA,Apidae,NA
NA,Syrphidae,NA
NA,Arctiidae,NA
NA,Hesperidae,NA
NA,Noctuidae,NA
NA,Nymphalidae,NA
NA,Papilionidae,NA
NA,Pyralidae,NA
NA,Sphingidae,NA
