pollinator,rank,notes
Bombus terrestris terrestris,species,
Diptera sp1,morphospecies,
Eristalinus taeniops,species,
Lepidoptera sp1,morphospecies,
Diptera sp2,morphospecies,
Diptera sp3,morphospecies,
Diptera sp4,morphospecies,
Wild bee sp1,morphospecies,
Eristalis sp1,morphospecies,
Sphaerophoria rueppellii,species,
Sphaerophoria sp1,morphospecies,
Beetle sp1,morphospecies,
Trigona (Lepidotrigona) terminata,species,
"Trigona (Heterotrigona, Sulawesi) sp. 1",morphospecies,
Trigona (Sulawesi) sp.,genus,
"Trigona (Heterotrigona, Sulawesi) sp. 2",morphospecies,
Apis cerana,species,
Apis nigrocinta binghami,species,
Apis dorsata,species,
Heriades (Sulawesi) sp. 1,morphospecies,
Xylocopa (Zonohirsuta) dejeanii,species,
Xylocopa (Koptortosoma) smithii,species,
Xylocopa (Koptortosoma) aestuans,species,
Amegilla whiteheadi,species,
Amegilla (Sulawesi) sp. aff. samarensis,species,
Heriades (Sulawesi) sp. 2,morphospecies,
"Patellapis (Pachyhalictus, Sulawesi) sp.",genus,
Creightonella frontalis atrata,species,
Chalicodoma (Eumegachinana) tub. tuberculatum,species,
Chalicodoma (Callomegachile) terminale,species,
Paracella (Sulawesi) sp. 1,morphospecies,
Torridapis ducalis,species,
Megachile (Sulawesi) sp. aff. bakeri,morphospecies,
Paracella (Sulawesi) sp. 2,morphospecies,
Coelioxys smithii,species,
Nomia (Thoraconomia) thoracica,species,
Ceratina (Ceratinidia) rugifrons,species,
Lipotriches (Sulawesi) sp.,genus,
Halictidae (Sulawesi) sp. 21,morphospecies,
Halictidae (Sulawesi) sp. 22,morphospecies,
Thyreus nitidus quartinae,species,
Amegilla (Sulawesi) sp. zonata-group,morphospecies,
Chalicodoma (Callomegachile) incisum,species,
Halictidae (Sulawesi) sp. 9,morphospecies,
Halictidae (Sulawesi) sp. 18,morphospecies,
Andrena_2_brittaindataset,morphospecies,
Andrena_3_brittaindataset,morphospecies,
Andrena_4_brittaindataset,morphospecies,
Anthophora_5,morphospecies,
Apis_mellifera,species,
Bird,order,
Bombus_6,morphospecies,
Bombus_7,morphospecies,
Coccinellidae_sp.,family,
Coleoptera_sp.,order,
Dialictus_12,morphospecies,
Diptera_2,morphospecies,
Diptera_3,morphospecies,
Diptera_4,morphospecies,
Drosophila_5,morphospecies,
Eucera_16,morphospecies,
Evylaeus_13,morphospecies,
Habropoda_17,morphospecies,
Heteroptera_sp.,suborder,
Lasioglossum_8,morphospecies,
Lasioglossum_9,morphospecies,
Lasioglossum_10,morphospecies,
Lasioglossum_11,morphospecies,
Lasioglossum_14,morphospecies,
Muscidae_6,morphospecies,
Muscidae_7,morphospecies,
Osmia_18,morphospecies,
Osmia_19,morphospecies,
Panurginus_15,morphospecies,
spider,order,
Syrphid_1,morphospecies,
Syrphid_2,morphospecies,
Syrphid_3,morphospecies,
Andrena cerasifolii,species,
Bombus,genus,
Panurginus gracilis,species,
Lasioglossum Evylaeus sp. E,morphospecies,
Lasioglossum Evylaeus sp. F,morphospecies,
Bombus melanopygus,species,
Bombus vosnesenskii,species,
Andrena caerulea,species,
Andrena sp,genus,
Eucera lunata,species,
Fruit fly,genus,
Lasioglossum sp. 1,morphospecies,
Lasioglossum sp. 26f,morphospecies,
Lasioglossum sp. 36f,morphospecies,
Halictus sp. 6f,morphospecies,
Lasioglossum sp. 10f,morphospecies,
Lipotriches sp. 8,morphospecies,
Lasioglossum sp. 14,morphospecies,
Hypotrigona sp. 1,morphospecies,
Lasioglossum sp. 3,morphospecies,
Meliponula ferruginea,species,
Pseudapis sp. 1,morphospecies,
Lasioglossum sp. 4,morphospecies,
Lasioglossum sp. 11,morphospecies,
Lithurgus pullatus (Vachal),species,
Halictus sp. 1,morphospecies,
Patellapis sp. 4,morphospecies,
Lasioglossum sp. 13,morphospecies,
Hylaeus sp. 1,morphospecies,
Macrogalea candida,species,
Lasioglossum sp. 18f,morphospecies,
Lasioglossum sp. 16f,morphospecies,
Tetralonia sp. 1f,morphospecies,
Macrogalea candida (Smith),species,
Braunsapis sp.1,morphospecies,
Lasiolgossum sp. 3,morphospecies,
Megachile sp. 1f,morphospecies,
Xylocopa flavorufa (DeGeer),species,
Halictus sp.1,morphospecies,
Lasioglossum sp. 14f,morphospecies,
Ceratina sp. 1,morphospecies,
Meliponini sp. 1,morphospecies,
Lasioglossum sp. 20,morphospecies,
Lasioglossum sp. 24m,morphospecies,
Apoidea_smallerthanHoneybee,morphospecies,
Apoidea_largerthanHoneybee,morphospecies,
Hymenoptera_Nonbee_Aculeata,superfamily,
other_Diptera,order,
Apoidea_sizeequalsHoneybee,morphospecies,
Plebeia.nigriceps,species,
Plebeia.emerina,species,
Schwarziana.quadripunctata,species,
Tetragonisca.fiebrigi,species,
Trigona.spinipes,species,
Bombus.pauloensis,species,
Xylocopa.sp.,genus,
Exomalopsis.spp.,genus,
Neocorynura.sp.,genus,
Augochloropsis.spp.,genus,
Augochlora.spp.,genus,
Augochlorella.sp.,genus,
Psaenythia.sp.,genus,
Other.Hymenoptera,order,
Diptera,order,
Coleoptera,order,
Hemiptera,order,
Xylocopa spp.,genus,
Trigona spinipes,species,
Melitomella murihirta,species,
Ptilothrix plumata,species,
Melissoptila uncicornis,species,
Melissoptila sp.,genus,
Exomalopsis analis,species,
Melipona subnitida,species,
Ceratina Crewella sp. 1,morphospecies,
Ceratina Crewella sp. 2,morphospecies,
Dialictus af. opacus,species,
Lithurgus huberi,species,
Ancyloscelis sp1.,morphospecies,
Ancyloscelis sp.2,morphospecies,
Psaenythia sp.,genus,
Anthrenoides sp.,genus,
Augochlora sp1.,morphospecies,
Augochlora sp2.,morphospecies,
Augochlora sp3.,morphospecies,
Augochlora sp4.,morphospecies,
Augochlora sp5.,morphospecies,
Augochlora sp6.,morphospecies,
Augochlora sp7.,morphospecies,
Augochlora sp8.,morphospecies,
Augochlora sp9.,morphospecies,
Augochlora sp10.,morphospecies,
Augochlora sp11.,morphospecies,
Augochlora sp12.,morphospecies,
Augochlora sp13.,morphospecies,
Coccinella sp1,morphospecies,
Lycid sp1,morphospecies,
Lucilia sp1,morphospecies,
Sarcophaga sp1,morphospecies,
Helina sp1,morphospecies,
Stomorhina discolor,species,
Coccinella sp2,morphospecies,
Monolepta australis,species,
Micraspis sp2,morphospecies,
Coccinella sp4,morphospecies,
Micraspis sp1,morphospecies,
Tetragonula sp1,morphospecies,
Halmus chalybeus,species,
Chlororhinia exempta,species,
Lauxaniidae spp,family,
Syrphidae spp,family,
Diptera sp6,morphospecies,
Diptera. sp7,morphospecies,
Wasp sp2,morphospecies,
Chrysomya sp1,morphospecies,
Coleoptera sp5,morphospecies,
Diptera sp5,morphospecies,
Coleoptera sp6,morphospecies,
Coleoptera sp7,morphospecies,
Wasp sp4,morphospecies,
Iridomyrmex purpureus,species,
Xylocopa sp1,morphospecies,
Lassioglossum sp1,morphospecies,
Formicidae sp1,morphospecies,
Coleoptera sp2,morphospecies,
Wasp sp1,morphospecies,
Coleoptera sp3,morphospecies,
Coleoptera sp4,morphospecies,
Wasp sp3,morphospecies,
Eristalinus spp,genus,
Lepidoptera sp7,morphospecies,
Lepidoptera sp8,morphospecies,
Coleoptera sp11,morphospecies,
Lepidoptera sp6,morphospecies,
Homalictus spp,genus,
Cantharidae spp,family,
Diptera sp13,morphospecies,
Coleoptera sp10,morphospecies,
Wasp sp8,morphospecies,
Bee sp3,morphospecies,
Wasp sp9,morphospecies,
Formicidae sp2,morphospecies,
Formicidae sp3,morphospecies,
Bombylidae spp,family,
Wasp sp7,morphospecies,
Diptera sp11,morphospecies,
Diptera sp15,morphospecies,
Wasp sp10,morphospecies,
Wasp sp11,morphospecies,
Syritta spp,genus,
Euphorinae sp1,morphospecies,
Diptera sp22,morphospecies,
Wasp sp14,morphospecies,
Sarcophaga spp,genus,
Tabanidae spp,family,
Bee sp5,morphospecies,
Bee sp6,morphospecies,
Diptera sp21,morphospecies,
Wasp sp18,morphospecies,
Wasp sp19,morphospecies,
Wasp sp20,morphospecies,
Meloidae sp,family,
Calliphora augur,species,
Wasp sp6,morphospecies,
Metallea sp1,morphospecies,
Diptera sp27,morphospecies,
Lepidoptera sp10,morphospecies,
Wasp sp21,morphospecies,
Formicidae sp5,morphospecies,
Metallea spp,genus,
Dirioxa pornis,species,
Lasioglossum_sp2,morphospecies,
Tachinid spp,family,
Ichneumonidae sp1,morphospecies,
Diptera sp17,morphospecies,
Lepidoptera sp5,morphospecies,
Tiphiidae sp4,morphospecies,
Diptera sp8,morphospecies,
Lepidoptera sp4,morphospecies,
Meloidae sp1,morphospecies,
Xylocopa sp2,morphospecies,
Rhytidoponera metallica,species,
Diptera sp18,morphospecies,
Bee sp1,morphospecies,
Iridmomyrmex purpureus,species,
Coleoptera sp9,morphospecies,
Wasp sp5,morphospecies,
Coleoptera sp12,morphospecies,
Syrrita spp,genus,
Sapromyza spp,genus,
Diptera sp9,morphospecies,
Bee sp2,morphospecies,
Glycyphana stolata,species,
Diptera sp10,morphospecies,
Diptera sp23,morphospecies,
Diptera sp24,morphospecies,
Wasp sp15,morphospecies,
Diptera sp25,morphospecies,
Diptera sp26,morphospecies,
Diptera sp19,morphospecies,
Diptera sp20,morphospecies,
Wasp sp16,morphospecies,
Augochlora_sp.,genus,
Bibionidae_sp.,family,
Calliphoridae_sp.,family,
Ceratina_sp2,morphospecies,
Macrodactylus_fulvescens,species,
Polistinae_sp1_vergaradataset,morphospecies,
Polistinae_sp2_vergaradataset,morphospecies,
Plebeia_frontalis,species,
Scaptotrigona_mexicana,species,
Syrphid_1_vergara,morphospecies,
Syrphid_2_vergara,morphospecies,
Syrphid_3_vergara,morphospecies,
Trigona_nigerrima,species,
Trigona_corvina,species,
Andrena vicina,species,
Andrena carlini,species,
Bombus impatiens,species,
Bombus griseocollis,species,
Bombus bimaculatus,species,
Lasioglossum ephialtum,species,
Augochlorella aurata,species,
Andrena hippotes,species,
Bombus fervidus,species,
Bombus borealis,species,
Bombus ternarius,species,
Andrena rugosa,species,
Andrena rufosignata,species,
Andrena wilkella,species,
Lasioglossum cressoni,species,
Bombus vagans,species,
Andrena bradleyi,species,
Bombus perplexus,species,
Bombus sandersoni,species,
Andrena carolina,species,
Xylocopa virginica,species,
Osmia bucephala,species,
Augochlora pura,species,
Osmia albiventris,species,
Osmia inermis,species,
Lasioglossum versatum,species,
Lasioglossum imitatum,species,
Lasioglossum hitchensi,species,
Lasioglossum leucocomum,species,
Colletes inaequalis,species,
Lasioglossum heterognathum,species,
Andrena w-scripta,species,
Lasioglossum quebecense,species,
Lasioglossum pilosum,species,
Nomada composita,species,
Lasioglossum lineatulum,species,
Lasioglossum confusus,species,
Andrena nivalis,species,
Andrena commoda,species,
Lasioglossum nigroviride,species,
Andrena imitatrix,species,
Andrena mandibularis,species,
Andrena dunningi,species,
Lasioglossum coriaceum,species,
Augochloropsis metallica,species,
Andrena integra,species,
Bombus terricola,species,
Andrena miserabilis,species,
Andrena nasonii,species,
Lasioglossum truncatum,species,
Lasioglossum birkmanni,species,
Andrena crataegi,species,
Sphecodes ranunculi,species,
Andrena platyparia,species,
Halictus rubicundus,species,
Ceratina dupla,species,
Ceratina mikmaqi,species,
Andrena milwaukeensis,species,
Nomada pygmaea,species,
Andrena spiraeana,species,
Ceratina calcarata,species,
Osmia cornifrons,species,
Lasioglossum planatum,species,
Lasioglossum versans,species,
Nomada luteola,species,
Andrena forbesii,species,
Andrena robertsonii,species,
Nomada depressa,species,
Andrena cressoni,species,
Andrena perplexa,species,
Andrena brevipalpis,species,
Lasioglossum acuminatum,species,
Agapostemon texanus,species,
Agapostemon virescens,species,
Andrena regularis,species,
Agapostemon sericeus,species,
Lasioglossum foxii,species,
Lasioglossum subviridatum,species,
Lasioglossum macoupinense,species,
Lasioglossum coeruleum,species,
Colletes simulans,species,
Sphecodes cressoni,species,
Andrena frigida,species,
Nomada cuneata,species,
Andrena_gravida,species,
Andrena_haemorrhoa,species,
Andrena_nitida,species,
Chalcidoidea_sp,superfamily,
Diptera_sp.,order,
Empididae_sp.,family,
Polistes_sp,genus,
Pompilidae_cf,family,
Bombus_lapidarius,species,
Bombus_lucorum_terrestris,species,
Bombus_pascuorum,species,
Eristalis_sp.,genus,
Rhingia_campestris,species,
Bombus_hortorum,species,
Bombus_pratorum,species,
solitary_bee,superfamily,Apoidea? 
Bombus_spp.,genus,
Helophilus_sp,genus,
Vanessa_cardui,species,
Other solitary bee,superfamily ,Apoidea? 
Andrenidae.sp1,morphospecies,
Colletidae.sp1,morphospecies,
Lasioglossum.sp4,morphospecies,
Agapostemon.sp1,morphospecies,
Agapostemon.virescens,species,
Apidae.sp1,morphospecies,
Apidae.sp4,morphospecies,
Apis.mellifera,species,
Halictini.sp3,morphospecies,
Megachilidae.sp10,morphospecies,
Megachilidae.sp3,morphospecies,
Bombus.nevadensis,species,
Eucerini.sp6,morphospecies,
Lasioglossum.sp2,morphospecies,
Bombus.fervidus,species,
Bombus.rufocinctus,species,
Eucerini.sp1,morphospecies,
Eucerini.sp3,morphospecies,
Eucerini.sp7,morphospecies,
Eucerini.sp8,morphospecies,
Andrenidae.sp2,morphospecies,
Ceratina.sp1,morphospecies,
Eucerini.sp4,morphospecies,
Eucerini.sp5,morphospecies,
Megachilidae.sp2,morphospecies,
Megachilidae.sp5,morphospecies,
Megachilidae.sp6,morphospecies,
Ceratina.sp2,morphospecies,
Eucerini.sp9,morphospecies,
Megachilidae.sp9,morphospecies,
Bombus.griseocollis,species,
Bombus.appositus,species,
Eucerini.sp10,morphospecies,
Lasioglossum.sp3,morphospecies,
Megachilidae.sp1,morphospecies,
Megachilidae.sp4,morphospecies,
Bombus.bifarius,species,
Bombus.centralis,species,
Apidae.sp3,morphospecies,
Eucerini.sp2,morphospecies,
Bombus.insularis,species,
Halictini.sp2,morphospecies,
Lasioglossum.sp1,morphospecies,
Apidae.sp2,morphospecies,
Halictini.sp1,morphospecies,
Bombus.occidentalis,species,
Bombus.mixtus,species,
Eucerini.sp11,morphospecies,
Megachilidae.sp7,morphospecies,
Bombus.pensylvanicus,species,
Megachilidae.sp8,morphospecies,
Bombus.vagans,species,
Bombus.fernaldae,species,
Andrena mucida,species,
Halictus scabiosae,species,
Hylaeus punctulatissimus,species,
Andrena albopunctata,species,
Andrena minutula,species,
Hylaeus communis,species,
Andrena pilipes,species,
Andrena thoracica,species,
Bombus lucorum/terrestris,morphospecies,
Andrena agilissima,species,
Ceratina cucurbitina,species,
Lasioglossum discum,species,
Hylaeus soror,species,
Megachile pilidens,species,
Andrena decipiens,species,
Halictus subauratus,species,
Sphecodes gibbus,species,
wesp: cf. Allodynerus floricola,species,
Colletes cunicularius,species,
Ceratina nigrolabiata,species,
Xylocopa violacea,species,
Bombus humilis,species,
Sphecodes croaticus,species,
bruin borststuk zwarte kont,morphospecies,“brown breastpiece black ass”?
Andrena_carantonica,species,
Andrena_chrysosceles,species,
Andrena_cineraria,species,
Andrena_dorsata,species,
Andrena_flavipes,species,
Andrena_fulva,species,
Andrena_minutula_aggregate,species,
Anthophora_plumipes,species,
Bombus_hypnorum,species,
Cheilosia_bergenstammi,species,
Cheilosia_pagana,species,
Episyrphus_balteatus,species,
Epistrophe_nitidicollis,species,
Eristalis_arbustorum,species,
Eristalis_nemorum,species,
Eristalis_pertinax,species,
Eristalis_pratorum,species,
Eristalis_tenax,species,
Eupeodes_corollae,species,
Eupeodes_luniger,species,
Halictus_tumulorum,species,
Lasioglossum_calceatum,species,
Melanogaster_hirtella,species,
Melanostoma_mellinum,species,
Osmia_rufa,species,
Pipizella_viduata,species,
Platycheirus_albimanus,species,
Sphaerophoria_interrupta,species,
Syrphus_vitripennis,species,
Xylota_segnis,species,
Andrena_sp.,genus,
Bombus_jonellus,species,
Bombus_terrestris,species,
Cheilosia_vernalis,species,
Eristalis_horticola,species,
Helophilus_pendulus,species,
Lasioglossum_malachurum,species,
Nomada_fabriciana,species,
Nomada_marshamella,species,
Osmia_bicornis,species,
Platycheirus_angustatus,species,
Platycheirus_clypeatus,species,
Platycheirus_scutatus,species,
Sphaerophoria_sp.,genus,
Syrphus_ribesii,species,
Tropidia_scita,species,
Bombus_vestalis,species,
Eristalinus_sepulchralis,species,
Eristalis_intricaria,species,
Lasioglossum_morio,species,
Lasioglossum_sp,genus,
Melanostoma_scalare,species,
Myathropa_florea,species,
Platycheirus_splendidus,species,
Sphaerophoria_cf_scripta,species,
Andrena_praecox,species,
Andrena_tibialis,species,
Eristalis_lineata,species,
Eristalis_similis,species,
Lasioglossum_sexstrigatum,species,
Lasioglossum_leucopus,species,
Nomada_flava,species,
Nomada_ruficornis,species,
Sphaerophoria_scripta,species,
Syrphus_sp,genus,
Bombus vagans vagans,species,
Bombus affinis,species,
Bombus griseollis,species,
Andrena cressonii,species,
Megachile gemula,species,
27 bees other than apidae,morphospecies,
Sphecodes minor,species,
Megachile frigida,species,
Melitta near americana,morphospecies,
Dialictus lineatulus,species,
Dialictus rohweri,species,
Evylaeus cinctipes,species,
Auguchloropsis metallica,species,
Lasioglossum athabascense,species,
Halictus confusus,species,
Ceratina dupla/calcarata,morphospecies,
Dialictus admirandus,species,
Dialictus marinus,species,
Dialictus sp. 1,morphospecies,
Augochlorella striata,species,
Bombus rufocinctus,species,
Dialictus sp. C,morphospecies,
14 bees other than apidae,morphospecies,
Dialictus pilosus,species,
Osmia atriventris,species,
Andrena nuda,species,
Megachile texana,species,
Dialictus sp2,morphospecies,
Exomalopsis analis...61,species,
Geotrigona sp,genus,
Trigona spp..,genus,
Xylocopa,genus,
Geotrigona subterranea,species,
Melipona quadrifasciata anthidioides,species,
Andrena minutula-aggregate,morphospecies,
Apis melifera,species,
Bombus terrestris-aggregate,morphospecies,
Melanostoma spec,genus,
Scaeva pyrastri,species,
Sphaerophoria spec,genus,
Bombus_hortulanus,species,
Bombus.atratus,species,
Bombus.melaleucus,species,
Thygater,genus,
Hymenoptera.(wasps),suborder,
Bombus.hortulanus,species,
Anthophora furcata,species,
Dasypoda altercator,species,
Eristalis pertimax,species,
Lasioglossum zonulum,species,
Tabanus bovine,species,
Atylotus rusticus,species,
Chloromyia formosa,species,
Andrena coitana,species,
Specodes reticulates,species,
Apidae,family,
Hylaeus brevicornis,species,
Systoechus ctenopterus,species,
Andrena nigriceps,species,
Scathophaga stercoratia,species,
Specodes puncticeps,species,
Gymnosoma sp.,genus,
Helophillus trivittatus,species,
Rhagio tringarius,species,
Evylaeus villosulus,species,
Volucella pelluceris,species,
Evylaeus sextrigatus,species,
Haemmatopota plurails,species,
Talmerus atricapillus,species,
Psithyrus silvestris,species,
Psythirus bohemicus,species,
Seladonia tumulorum,species,
Chrysotus sp.,genus,
Myiatropa florea,species,
Lasioglossum leucozonium,species,
Rhangio tringarius,species,
Bombus veteranus,species,
Chloromyia fromosa,species,
Haematopora pluralis,species,
Anthomyiidae sp5,morphospecies,
Bibionidae sp1,morphospecies,
Eristalis picea,species,
Pieris napi,species,
Platycheirus Scambus,species,
Andrena sp1,morphospecies,
Andrena sp3,morphospecies,
Empididae sp1,morphospecies,
Muscidae sp3,morphospecies,
Muscidae sp5,morphospecies,
Parasyrphus annulatus,species,
Platycheirus peltatus,species,
Stratiomydae sp1,morphospecies,
Anthomyiidae sp4,morphospecies,
Cantharis obscura,species,
Ceratina sp1,morphospecies,
Epistrophe grossulariae,species,
Muscidae sp1,morphospecies,
Muscidae sp2,morphospecies,
Muscidae sp7,morphospecies,
Pachyprotasis rapae,species,
Scathophaga sp1,morphospecies,
Rhagionidae sp1,morphospecies,
Agromyzidae sp1,morphospecies,
Anthomyiidae sp1,morphospecies,
Anthomyiidae sp2,morphospecies,
Anthomyiidae sp3,morphospecies,
Megasyrphus erraticus,species,
Muscidae sp6,morphospecies,
Platycheirus europaeus,species,
Platycheirus immarginatus,species,
Platycheirus jaerensis,species,
Calliphoridae sp2,morphospecies,
Cantharis fusca,species,
Epistrophe flava,species,
Heliophilus pendulus,species,
Sarcophagidae sp1,morphospecies,
Andrena sp2,morphospecies,
Andrena sp6,morphospecies,
Cantharis pellucida,species,
Muscidae sp4,morphospecies,
Rhagonycha limbata,species,
Scathophaga sp2,morphospecies,
Tachinidae sp1,morphospecies,
Andrena sp5,morphospecies,
Cantharis livida,species,
Eupeodes lundbecki,species,
Muscidae sp8,morphospecies,
Platycheirus manicatus,species,
Bibionidae sp3,morphospecies,
Cantharis nigricans,species,
Cheilosia albitarsis,species,
Scathophaga sp3,morphospecies,
Bibionidae sp2,morphospecies,
Dolorus nitens,species,
Heliophilus hybridus,species,
Calliphoridae sp1,morphospecies,
Heliophilus trivatlatus,species,
Sphaerophoria virgata,species,
Andrena sp7,morphospecies,
Eristalis abusiva,species,
Dolores haematodes,species,
Limonius pilosus,species,
Athous vittatus,species,
Corymbites sp1,morphospecies,
Dolichopodidae sp1,morphospecies,
Andrena sp4,morphospecies,
Cheilosia gigantea,species,
Cheilosia vicina,species,
Tachinidae sp2,morphospecies,
A_mellifera,species,
Wild_Bees,superfamily,Apoidea? 
Symphyta,genus,
B_lapidarius,species,
B_terrestris,species,
B_lucorum,species,
Syrhipds,family,
Other_Dipterans,order,
Pieris_napi,species,
Cerambycidae,family,
Elateridae,family,
Curcumelidae,family,
Chrysomelidae,family,
Bombus_lucorum,species,
Bombus_bohemicus,species,
Bombus_ruderarius,species,
Solitary_bee_spp.,subfamily,Apoidea? 
Empididae_spp.,family,
Vespidae_spp.,family,
Parasyrphus_sp,genus,
Epistrophe_eligans,species,
Platycheirus_jaerensis,species,
Chrysotoxum_fasciolatum,species,
Eristalis_interrupta,species,
Platycheirus_sp.,genus,
Epistrophella_euchroma,species,
Leucozona_lucorum,species,
Parasyrphus_vittiger,species,
Syrphus_ribestri,species,
Meliscaeva_cinctella,species,
Syrphus_torvus,species,
Dasysyrphus_hilaris,species,
Parasyrphus_lineolus,species,
Orthonevra_geniculata,species,
Chrysotoxum_arcuatum,species,
Platycheirus_nielseni_,species,
Melanogaster_sp.,genus,
Epistrophe_sp.,genus,
Syrphidae_sp.,family,
Syrphidae_spp.,family,
Other_Diptera_spp.,order,
Other_spp.,order,
Andrena_angustior,species,
Andrena_barbilabris,species,
Andrena_fucata,species,
Andrena_nigroaenea,species,
Helophilus_trivittatus,species,
hymenoptera_sp.,order,
Lasioglossum_sexnotatum,species,
Scaeva_pirastry,species,
Syritta_pipiens,species,
Volucella_bombylans,species,
Andrena_labiata,species,
Andrena_subopaca,species,
Eupeodes_nitens,species,
Parasyrphus_nigritarsis,species,
Scaeva_selenitica,species,
Lasioglossum (Dialictus) ephialtum,species,
Lasioglossum (Dialictus) mitchelli,species,
Lasioglossum (Dialictus) pilosum,species,
Lasioglossum (Dialictus) versatum,species,
Lasioglossum (Dialictus) zephyrum,species,
Lasioglossum (Lasioglossum) zonulum,species,
Melissodes bimaculata,species,
Peponapis pruniosa,species,
Triepeolus remigatus,species,
Megachilidae sp1,morphospecies,
Halictidae sp1,morphospecies,
Trigonini,family,Apidae
Hymenoptera,order,
Coleoptera sp1,morphospecies,
Coleoptera sp8,morphospecies,
Vespidae sp1,morphospecies,
Vespidae sp2,morphospecies,
Vespidae sp3,morphospecies,
Vespidae sp5,morphospecies,
Pompilidae sp1,morphospecies,
Vespidae spn,morphospecies,
Culicidae sp1,morphospecies,
Culicidae sp2,morphospecies,
Culicidae sp3,morphospecies,
Culicidae sp4,morphospecies,
Empididae sp,family,
Muscidae,family,
Stratiomyoidae,family,
Tachinidae,family,
Tipulidaesp,family,
Bombus lucorum agg,morphospecies,
Lasioglossum sp1,morphospecies,
Eristalis intricarius,species,
Eristalis,genus,
Vespula sp1,morphospecies,
Helophilus,genus,
Andrena,genus,
Tipula sp1,morphospecies,
Nomada,genus,
Sphecodes sp1,morphospecies,
Vanessa atalanta,species,
Colletes succinctus,species,
Parasyrphus punctulatus,species,
Mesembrina sp1,morphospecies,
Melanostoma dubium,species,
Andrena lapponica,species,
Helophilus hybridus,species,
Melanostoma millinum,species,
Anthophila sp1,morphospecies,
Nomia (Acunomia) strigata,species,
Braunsapis cupulifera,species,
Ceratina (ceratinidia) nigrolateralis,species,
Apis florea,species,
Xylocopa (Mesotrichia) latipes,species,
Geniotrigona thoracica,species,
Heterotrigona itama,species,
Tetragonula (laeviceps gr.),species,
Tetragonula (pagdeni gr.),species,
Tetragonula sp.,genus,
Meliponines sp.,tribe,
Vespa Affinis,species,
Coleoptera sp. 1,morphospecies,
Coleoptera sp. 2,morphospecies,
Coleoptera sp. 3,morphospecies,
Diptera sp. 1,morphospecies,
Diptera sp. 2,morphospecies,
Diptera sp. 3,morphospecies,
Diptera sp. 4,morphospecies,
Formicidae sp. 1,morphospecies,
Formicidae sp. 3,morphospecies,
Formicidae sp. 4,morphospecies,
Andrena_helvola,species,
Bombus_abuterraneus,species,
Bombus_terrestris_aggregate,morphospecies,
Bombus_sylvarum,species,
Rhingia_rostrata,species,
Bombus_rupestris,species,
Neoascia_podagrica,species,
wild_bee_unknown,superfamily,Apoidea? 
Eristalis spp.,genus,
Hoverfly,family,
Other coleopterans,order,
Other dipterans,order,
Lepidopterans,order,
Wild bees,superfamily,Apoidea? 
Andrena assimilis,species,
Xanthandrus comtus,species,
Bombus sp.,genus,
Empis sp.,genus,
Halictidae morpho 4,morphospecies,
Halictus crenicornis,species,
Lasioglossum sp.,genus,
Meliscaeva auricollis,species,
Others,others,
Cantharidae,family,
Halictidae morpho 1,morphospecies,
Nomada succinta,species,
Lasioglossum fulvicorne,species,
Oxythyrea funesta,species,
Agrypnus murinus,species,
Andrena humilis,species,
Sarcophaga sp.,genus,
Symphita,genus,
Tenthredo koehleri,species,
Lasioglossum punctatissimum,species,
Oedemera sp.,genus,
Panorpa sp,genus,
Parasitoide,family,Ichneumonidae? 
Lasioglossum cf fulvicorne,species,
Andrena similis,species,
Eucera sp.,genus,
Halictus (Seladonia) sp.,genus,
Platycheirus sp.,genus,
Rhagonycha fulva,species,
Andrena lathyri,species,
Lasioglossum limbellum,species,
Lasioglossum lucidulum,species,
Andrena trimmerana,species,
Stevenia deceptoria,species,
Zophomyia temula,species,
Halictidae morpho 8,morphospecies,
Lasioglossum pauperatum,species,
Volucella sp.,genus,
Lasioglossum puncticolle,species,
Halictidae morpho 10,morphospecies,
Lasioglossum lativentre,species,
Lasioglossum littorale,species,
Tropinota squalida,species,
Bombylius sp,genus,
Neomyia cornicina,species,
Tricogena rubricosa,species,
Bee,superfamily,
Honeybee,genus,
Ceratina sp.,genus,
Megachile flavipennis,species,
Meliponula sp.,genus,
Amegilla sp 1.,morphospecies,
Hypotrigona gribodoi,species,
Megachile sp5.,morphospecies,
Amegilla cymatilis,species,
Amegilla caelestina,species,
Amegilla sp 2.,morphospecies,
Megachile bicolor,species,
Megachile sp.4,morphospecies,
Megachile sp.1,morphospecies,
Xylocopa inconstans,species,
Megachile sp.2,morphospecies,
Megachile sp.3,morphospecies,
Megachile (Chalicodoma) sp.,subgenus,
Xylocopa imitator,species,
Anthophora sp.,genus,
Plebeina hildebrandti,species,
Pseudoanthidium sp.,genus,
Xylocopa caffra,species,
Xylocopa senior,species,
Lipotriches sp.,genus,
Lithurge sp.,genus,
Xylocopa somalica,species,
Euaspis abdominalis,species,
Lassioglossum sp.,genus,
Pachymelus conspicuus,species,
Pseudapis sp.,genus,
Systropha aethiopica,species,
Tetraloniella sp.,species group,
Xylocopa erythrina,species,
Amegilla sp. 2,morphospecies,
Dactylurina sp.,genus,
Heriades sp.,genus,
Mellisodes sp.,genus,
Nomia sp.,genus,
Pachyanthidium cordatum,species,
Pseudophilanthus sp.,genus,
Tetralonia sp.,subgenus,
Xylocopa sp.1,morphospecies,
Xylocopa sp.2,morphospecies,
Xylocopa sp.3,morphospecies,
Anthidium sp.,genus,
Braunsapis sp.,genus,
Coelioxys sp.,genus,
Halictus,genus,
Thyreus pictus,species,
Andrena algida,species,
Andrena bisalicis,species,
Andrena erythronii,species,
Andrena pruni,species,
Lasioglossum atwoodi,species,
Lasioglossum cinctipes,species,
Lasioglossum laevissimum,species,
Lasioglossum mitchelli,species,
Lasioglossum obscurum,species,
Lasioglossum paradmirandum,species,
Lasioglossum perpunctatum,species,
Lasioglossum zephyrum,species,
Nomada cressonii,species,
Nomada dreisbachi,species,
Nomada luteoloides,species,
Osmia lignaria,species,
Osmia pumila,species,
Osmia taurus,species,
Sphecodes cressonii,species,
Andrena geranii,species,
Lasioglossum nymphaearum,species,
Lasioglossum weemsi,species,
Andrena morrisonella,species,
Halictus ligatus,species,
Lasioglossum cressonii,species,
Osmia conjuncta,species,
Sphecodes confertus,species,
Chelostoma florisomne,species,
Osmia caerulescens,species,
Andrena scotica,species,
Andrena varians,species,
Nomada fucata,species,
Osmia cornuta,species,
Andrena bucephala,species,
Andrena flavilabris,species,
Andrena fulvata,species,
Eucera longicornis,species,
Lasioglossum glabriusculum,species,
Lasioglossum laticeps,species,
Lasioglossum pallens,species,
Lasioglossum tricinctum,species,
Nomada flavoguttata,species,
Nomada goodeniana,species,
Sphecodes monilicornis,species,
Andrena clarkella,species,
Andrena labialis,species,
anthophora plumipes,species,
Andrena florea,species,
Andrena vaga,species,
Heriades truncorum,species,
Megachile centuncularis,species,
Nomada lathburiana,species,
Osmia leaiana,species,
Osmia niveata,species,
Lasioglossum minutissimum,species,
Pieris_rapae,species,
Agapostemon_texanus,species,
Andrena_wilkella,species,
Augochlora_pura,species,
Augochlorella_aurata,species,
Bombus_bimaculatus,species,
Bombus_fervidus,species,
Bombus_impatiens,species,
Bombus_perplexus,species,
Ceratina_calcarata_dupla,species,
Halictus_confusus,species,
Halictus_ligatus,species,
Halictus_rubicundus,species,
Lasioglossum_versatum,species,
Megachile_rotundata,species,
Melissodes_bimaculata,species,
Peponapis_pruinosa,species,
Triepeolus_remigatus,species,
Xylocopa_virginica,species,
Andrena_barbara,species,
Andrena_bisalicis,species,
Andrena_carlini,species,
Andrena_dunningi,species,
Andrena_erythronii,species,
Andrena_forbesii,species,
Andrena_hippotes,species,
Andrena_imitatrix,species,
Andrena_mandibularis,species,
Andrena_milwaukeensis,species,
Andrena_miserabilis,species,
Andrena_morrisonella,species,
Andrena_nasonii,species,
Andrena_nuda,species,
Andrena_perplexa,species,
Andrena_pruni,species,
Andrena_rugosa,species,
Andrena_vicina,species,
Augochora_pura,species,
Ceratina_calcarata,species,
Colletes_inaequalls,species,
Lasioglossum_foxii,species,
Lasioglossum_mitchelli,species,
Lasioglossum_oceanicum,species,
Lasioglossum_quebecense,species,
Lasioglossum_weemsi,species,
Osmia_cornifrons,species,
Osmia_lignaria,species,
Osmia_pumila,species,
Hylaeus_mesillae,species,
Lasioglossum_admirandum,species,
Lasioglossum_albipenne,species,
Lasioglossum_callidum,species,
Lasioglossum_imitatum,species,
Lasioglossum_nymphaearum,species,
Lasioglossum_paradmirandum,species,
Lasioglossum_pilosum,species,
Lasioglossum_tegulare,species,
Lasioglossum_trigeminum,species,
Lasioglossum_viridatum,species,
Augochloropsis_metallica,species,
Bombus_griseocollis,species,
Lasioglossum_ephialtum,species,
Lasioglossum_pectorale,species,
Lasioglossum_zephyrum,species,
Andrena_bradleyi,species,
Colletes_cressoni,species,
Colletes_inaequalis,species,
Habropoda_laboriosa,species,
Colletes_validus,species,
Andrena_fenningeri,species,
Lasioglossum_leucocomum,species,
Lasioglossum_oblongum,species,
Andrena_cressoni,species,
Colletes_thoracicus,species,
Andrena_carolina,species,
Lasioglossum_acuminatum,species,
Nomada_luteola,species,
Lasioglossum_fuscipenne,species,
Andrena_banksi,species,
Andrena_ilicis,species,
Sphecodes_aroniae,species,
Sphecodes_stygius,species,
Megachile_gemula,species,
Megachile_mendica,species,
Melitta_americana,species,
Andrena_spiraeana,species,
Lasioglossum_coeruleum,species,
Megachile_addenda,species,
Nomada_rodecki,species,
Osmia_inspergens,species,
Osmia_virga,species,
Panurginus_atramontensis,species,
Bombus_vagans,species,
Coelioxys_sayi,species,
Lasioglossum_planatum,species,
Andrena_cressonii,species,
Bombus_citrinus,species,
Coelioxys_immaculata,species,
Lasioglossum_subviridatum,species,
Nomada_bella_lepida,species,
Nomada_pygmaea,species,
Colletes_consors,species,
Coelioxys_porterae,species,
Heriades_carinatus,species,
Hoplitis_truncata,species,
Agapostemon_splendens,species,
Bombus_sandersoni,species,
Lasioglossum_georgeickworti,species,
Megachile_texana,species,
Lasioglossum_lineatulum,species,
Augochloropsis_sumptuosa,species,
Lasioglossum_apopkense,species,
Lasioglossum_creberrimum,species,
Sphecodes_fattigi,species,
Melanostoma sp.,genus,
Platycheirus occultus,species,
Lejogaster tarsata,species,
Orthonevra nobilis,species,
Neoascia tenur,species,
Platycheirus fulviventris,species,
Eupeodes latifasciatus,species,
Eumerus funeralis,species,
Orthonevra geniculata,species,
Eumerus strigatus,species,
Bombus muscorum,species,
Bombus spp,genus,
Psithyrus rupestris,species,
Bombus subterraneus,species,
Psithyrus vestalis,species,
Psithyrus campestris,species,
Bombus cryptarum,species,
Bombus distinguendus,species,
Bombus soroëensis,species,
unidentified solitary bee,superfamily,Apoidea? 
Apis_millifera_scutellata,species,
Lasioglossum_sp.1,morphospecies,
Lasioglossum_sp.2,morphospecies,
Tetraloniella_braunsiana,species,
Xylocopa_sp1.,morphospecies,
Xylocopa_sp2.,morphospecies,
Sphecidae_wasp_sp1.,morphospecies,
small_hover_(Asarkina_sp1.),morphospecies,
large_hover_(Eristalis_sp1.),morphospecies,
Muscid_sp1.,morphospecies,
Hesperiidae_sp1.(brown_skipper),morphospecies,
Acraea_horta,species,
Colotis_sp1._(white_b-fly),morphospecies,
Danus_chrysippus_aegyptius,species,
Hypolimnas_misippus(black_and_white),species,
Precis_oenone(blue_pansy),species,
Lycaenidae_sp1.,morphospecies,
Macroglossum_trochilus(hummingbird_hawkmoth),species,
Noctuidae_sp1.,morphospecies,
Astylus_atromaculatus,species,
Tenebrionidae_sp1.,morphospecies,
Lygus_sp1.(green_bug),morphospecies,
bee.red.abdomen.sp1,morphospecies,
Xylocopa_sp2.(black_white),morphospecies,
small_hover_(Asarkina_sp2.),morphospecies,
Sarcophagidae_sp1.,morphospecies,
Caliphoridae_sp1.,morphospecies,
Coeliades_pisistratus(skipper),species,
brown_skipper_sp1.,morphospecies,
Mylothris_sp1.,morphospecies,
Colotis_sp2._(white_b-fly.orange.wing.tip),morphospecies,
Colias_sp.1,morphospecies,
Lycaenidae_sp2.,morphospecies,
Fulgoridae_sp1.,morphospecies,
Lace_bug_sp1.,morphospecies,
Cetoniidae_sp1.,morphospecies,
ladybird_sp1.,morphospecies,
Bombyliidae_sp.1,morphospecies,
Chrysoperla_sp1.(green_lacewing),morphospecies,
Cleridae_sp1.,morphospecies,
Chamaesphecia_anthraciformis,species,
Honeybees,genus,
Andrena_nigrospina,species,
Anthomyiidae_sp.,family,
Apoidea_sp,superfamily,
Bibo_hortulans,species,
Bibo_marci,species,
Bibo_varipes,species,
Chironomidae_sp.,family,
Coccinella_sp.,genus,
Coccinella_septempunctata,species,
Melanostoma_sp,genus,
Muscidae_sp.,family,
Nematocera_sp.,suborder,
Pieridae_sp,family,
Tineoidea_sp.,superfamily,
Zygoptera_sp.,suborder,
Dilophilus_febrilis,species,
Anthophora urbana,species,
Dialictus,subgenus,
Apis,genus,
Dialictus sp. 2,morphospecies,
Nanotrigona testaceicornis,species,
Halictus hesperus,species,
Plebia sp. 2,morphospecies,
Xylocopa tabaniformis,species,
Trigona fulviventris,species,
Ceratina eximia,species,
Ceratina ignara,species,
Augochlora aurifera,species,
Melipona beechiie,species,
Euluema,genus,
Melipona beechiie (Bennett),species,
Nannotrigona mellaria,species,
Partamona cupira / Trigona fussipennis / Trigona corvina,morphospecies,
Plebeia jatiformis,species,
Plebia frontalis,species,
Trigona (Tetragona) clavipes,species,
Trigona (tetragonisca) angustula,species,
Trigona dorsalis,species,
Trigonisca sp.,genus,
Native-summ,morphospecies,
Melipona fasciata,species,
Huge Black 2002,morphospecies,
Halictini sp.,tribe,
Hylaeus sp.,genus,
Lasioglossum (Evylaeus) sp.,genus,
Ceratina bispinosa,species,
Ceratina mandibularis,species,
Ceratina moricei,species,
Ceratina schwarzi,species,
Ceratina zandeni,species,
Halictus cephalicus,species,
Halictus pollinosus,species,
Halictus resurgens,species,
Halictus smaragdulus,species,
Halictus tetrazonianellus,species,
Hylaeus intermedius,species,
Hylaeus kahri,species,
Hylaeus syriacus,species,
Hylaeus taeniolatus,species,
Lasioglossum aegyptiellum,species,
Lasioglossum anellum,species,
Lasioglossum callizionum,species,
Lasioglossum clypeiferellum,species,
Lasioglossum politum atomarium,species,
Lasioglossum pseudosphecodimorphum,species,
Lasioglossum truncaticolle,species,
Lithurgus tibialis,species,
Nomada kohli,species,
Nomiapis bispinosa,species,
Nomiapis diversipes,species,
Halictus sp.,genus,
Nomioides sp. 1,morphospecies,
Nomioidinae sp.,subfamily,
Tarsalia sp. 1,morphospecies,
Hylaeus aff. dinkleri,species,
Lasioglossum aff. morio,species,
Megachile cf. fertoni,species,
Ceratina dentiventris,species,
Hylaeus albonotatus,species,
Hylaeus imparilis,species,
Hylaeus longimaculus,species,
Lasioglossum epipygiale,species,
Lasioglossum obscuratum,species,
Lasioglossum pygmaeum,species,
Lasioglossum tadschicum,species,
Lasioglossum vagans,species,
Megachile dorsalis,species,
Ochreriades fasciatus,species,
Osmia signata,species,
Andrena transitoria,species,
Ceratina bifida,species,
Colletes similis,species,
Eucera aeolopus,species,
Eucera clypeata,species,
Eucera curvitarsis,species,
Eucera paraclypeata,species,
Eucera syriaca,species,
Megachile albisecta,species,
Osmia dives,species,
ant,order,
beetle,order,
native_bumble_bee,genus,
butterfly,order,
flower_fly,order,"includes syrphids, calliphorids, tachinids"
green_leaf_beetle_pest_insect,morphospecies,
honey_bee,genus,
native_bee,Family,
other,order,incl. true bug pest lygus and true bug nat enemy geocoris
other_fly,order,inlcudes muscids and drosophila
vespids,Family,
parasitoid_wasp,Family,
"Paratrigona lineata Lepeletier, 1836",species,
"Apis mellifera Linnaeus, 1758",species,
"Bombus (Fervidobombus) morio Swederus, 1787",species,
Apoidea sp.1,morphospecies,
Allograpta exotica cf.,species,
"Trigona spinipes Fabricius, 1793",species,
Non identified bee,superfamily,Apoidea? 
Brachygastra lecheguana,species,
Bombus  cf. brevivillus,species,
Pepsis sp.,genus,
Polybia ignobilis,species,
Polybia dimidiata,species,
Chalcidoidea,superfamily,
Empididae,family,
Heteroptera,suborder,
Bombus_californicus,species,
Bombus_vosnesenskii,species,
Colletes_cfkincaidii,species,
Halictus_tripartitus,species,
Agapostemon_virescens,species,
Bombus_flavifrons,species,
Lasioglossum_cfmellipes,species,
Bombus_mixtus,species,
Lasioglossum_olympiae,species,
Lasioglossum_spC10,morphospecies,
Lasioglossum_spC2,morphospecies,
Lasioglossum_spB8,morphospecies,
Anthidium_manicatum,species,
Bombus_sitkensis,species,
Lasioglossum_spA1,morphospecies,
Lasioglossum_zonulum,species,
Lasioglossum_incompletumgroup,morphospecies,
Lasioglossum_spB7,morphospecies,
Lasioglossum_spC1,morphospecies,
Anthidium_edwardsii,species,
Megachile_perihirta,species,
Melissodes_microsticta,species,
Lasioglossum_cfovaliceps,species,
Lasioglossum_avalonense,species,
Lasioglossum_D4,morphospecies,
Halictus_spH5,morphospecies,
Xylocopa sp 1,morphospecies,
Lasioglossum albescens,species,
Amegilla zonata,species,
Lasioglossum sp4,morphospecies,
Appias sp 1,morphospecies,
Eurema hecabe,species,
Catochrysops sp 2,morphospecies,
Satyridae (sp 1),morphospecies,
Parnara guttata,species,
Apis cercana,species,
Xylocopa nr. latipes,species,
Trigona clypearis,species,
Lasioglossum sp 5,morphospecies,
Lasioglossum sp 6,morphospecies,
Catochrysops sp 1,morphospecies,
Potanthus lydia lydia,species,
Noctuidae (sp 1),morphospecies,
Noctuidae (sp 2),morphospecies,
Sphingidae (sp 1),morphospecies,
Lassioglossum sp 1,morphospecies,
Lasioglossum sp 2,morphospecies,
Apidae sp 2,morphospecies,
Apidae sp 3,morphospecies,
Melanitis leda,species,
Hespriidae (sp 1),morphospecies,
Amata sp 1,morphospecies,
Apidae (sp 1),morphospecies,
Pelopidas mathias,species,
